_id,Nr_Boczny,Nr_Rej,Brygada,Nazwa_Linii,Ostatnia_Pozycja_Szerokosc,Ostatnia_Pozycja_Dlugosc,Data_Aktualizacji
1,5000,DW8423L,None,None,51.0969200134277,16.991771697998,2012-06-15 18:20:26
2,5318,DW9801J,None,None,51.1475448608398,17.0230159759521,2013-09-03 05:48:43
3,5319,DW9693J,12813,128,51.1475257873535,17.0230979919434,2014-05-15 09:00:52
4,5320,DW9691J,12813,None,51.147819519043,17.0231952667236,2014-10-29 07:15:06
5,5321,DW9635J,14903,None,51.1483383178711,17.0229892730713,2014-10-16 04:52:43
6,5322,DW9872J,14103,141,51.1354217529297,17.0692462921143,2014-09-02 06:49:31
7,5323,DW6057J,14908,None,51.1478652954102,17.0236110687256,2014-05-18 23:13:20
8,5324,DW9810J,14411,144,51.1477851867676,17.0232219696045,2014-10-10 09:56:55
9,5325,DW9684J,None,None,51.1193504333496,16.9514312744141,2012-06-19 16:51:32
10,7000,DW3983J,14211,142,51.1486549377441,17.0221481323242,2018-03-08 06:07:48
11,7001,DW3984J,31902,319,51.1484451293945,17.0220375061035,2020-11-16 06:43:17
12,7002,DW3985J,,None,51.1483688354492,17.0232486724854,2019-03-27 15:27:40
13,7003,DW3986J,10109,None,51.1486206054688,17.0223388671875,2018-03-08 07:30:02
14,7004,DW3987J,,None,51.7672119140625,18.0782241821289,2021-12-06 10:06:44
15,7005,DW3988J,11103,111,51.146411895752,17.0226573944092,2020-11-17 08:45:53
16,7006,DW3989J,12606,None,51.1482925415039,17.02317237854,2020-11-23 09:36:31
17,7007,DW3976J,14003,None,51.148193359375,17.0232524871826,2018-09-14 08:31:13
18,7008,DW3977J,0,None,51.1481590270996,17.0236167907715,2018-05-31 17:11:03
19,7009,DW5453K,14310,None,51.148738861084,17.0234756469727,2020-09-23 15:34:31
20,7010,DW3979J,10908,109,51.1473770141602,17.0223941802979,2018-04-23 18:00:24
21,7011,DW3980J,10907,None,51.1486663818359,17.0221385955811,2020-11-10 09:10:01
22,7012,DW3981J,31902,319,51.1486587524414,17.0204277038574,2020-11-10 09:26:34
23,7013,DW3982J,,None,51.1470413208008,17.0233001708984,2019-04-16 15:47:33
24,7014,DW2687U,10905,109,51.1487617492676,17.0231838226318,2020-11-16 11:36:47
25,7015,DW2686U,10301,None,51.1484527587891,17.0220394134521,2020-11-10 10:27:44
26,7016,DW9664M,,109,51.1477012634277,17.022705078125,2020-11-17 07:49:31
27,7017,DW0043U,,None,51.1485862731934,17.0222206115723,2020-11-16 06:20:15
28,7018,DW2689U,31908,319,51.1486282348633,17.0220241546631,2020-11-25 05:22:18
29,7019,DW0032U,14206,None,51.1462860107422,17.022819519043,2020-11-23 08:15:41
30,7020,DW0013U,31909,319,51.1481285095215,17.0226135253906,2020-11-17 18:11:22
31,7021,DW249AS,71515,None,51.1490097045898,17.0242366790771,2020-11-10 06:55:44
32,7022,DW2682U,25024,250,51.1481018066406,17.0222358703613,2020-11-25 05:00:57
33,7023,DW2690U,11103,111,51.1475296020508,17.0223255157471,2020-11-25 08:41:13
34,7024,DW2683U,31907,None,51.1485443115234,17.0218868255615,2020-11-10 16:02:18
35,7025,DW9667M,74402,None,51.1485786437988,17.0219497680664,2020-10-26 06:18:27
36,7026,DW2691U,11105,None,51.148494720459,17.0217800140381,2020-11-25 09:09:43
37,7027,DW0038U,71504,715,51.1429328918457,17.025239944458,2020-11-16 09:57:23
38,7028,DW2685U,14301,None,51.146541595459,17.0229015350342,2020-11-25 08:42:17
39,7029,DW2692U,12903,None,51.1465492248535,17.0236396789551,2020-11-10 09:18:07
40,7030,DW2693U,60910,609,51.1482391357422,17.0213165283203,2020-11-18 08:26:45
41,7031,DW9663M,10502,None,51.1488418579102,17.0234699249268,2020-11-30 08:35:56
42,7032,DW9724T,,None,51.1484336853027,17.021764755249,2020-09-02 11:07:18
43,7033,DW2684U,11606,None,51.1485290527344,17.0230979919434,2020-12-07 08:01:55
44,7034,DW9665M,14105,None,51.1478576660156,17.0233840942383,2020-12-07 01:09:53
45,7035,DW8037U,,None,51.1483726501465,17.0219249725342,2021-12-17 06:48:19
46,7036,DW8038U,15103,None,51.1490669250488,17.0241565704346,2020-11-16 10:33:35
47,7037,DW524JS,10907,109,51.1485443115234,17.0219326019287,2020-11-25 05:21:24
48,7300,DW364GT,11511,115,51.1147804260254,17.1281890869141,2021-12-17 18:06:08
49,7301,DW293GR,31909,319,51.0967864990234,16.9471950531006,2021-12-17 18:05:47
50,7302,DW270FU,,None,51.1097526550293,17.0296001434326,2021-12-17 17:02:51
51,7303,DW705FU,14304,None,51.1486282348633,17.0233058929443,2021-12-16 19:04:58
52,7304,DW704FU,10105,101,51.1548538208008,16.887767791748,2021-12-17 18:06:08
53,7305,DW604FU,12610,126,51.0976867675781,16.9929180145264,2021-12-17 18:06:09
54,7306,DW266FU,10405,104,51.1570129394531,16.9494647979736,2021-12-17 17:27:07
55,7307,DW510GT,12205,122,51.1241416931152,16.9578838348389,2021-12-17 18:05:57
56,7308,DW265FU,14203,142,51.112606048584,17.012170791626,2021-12-17 18:06:07
57,7309,DW703FU,11502,115,51.0958595275879,17.1658840179443,2021-12-17 18:05:57
58,7310,DW264FU,1,None,51.1483154296875,17.0234966278076,2021-12-17 06:39:53
59,7311,DW046GT,14316,143,51.0931587219238,16.9782676696777,2021-12-17 18:06:07
60,7312,DW291GR,10301,102,51.1484184265137,17.0233211517334,2021-12-17 18:05:01
61,7313,DW508GT,10501,105,51.154411315918,17.0144691467285,2021-12-17 18:06:20
62,7314,DW391GT,10409,104,51.1554374694824,16.9491291046143,2021-12-17 18:03:35
63,7315,DW047GT,10503,None,51.1323585510254,17.0652542114258,2021-12-17 17:54:19
64,7316,DW049GT,14002,140,51.1290550231934,16.9819278717041,2021-12-17 18:06:19
65,7317,DW390GT,10502,105,51.1692161560059,16.9970932006836,2021-12-17 18:06:07
66,7318,DW509GT,10104,101,51.1491737365723,16.9301815032959,2021-12-17 18:05:37
67,7319,DW289GR,11105,111,51.1150283813477,17.0734710693359,2021-12-17 18:06:07
68,7320,DW389GT,11509,115,51.1064147949219,17.1435585021973,2021-12-17 18:06:17
69,7321,DW575GS,11110,143,51.1482162475586,17.0228996276855,2021-12-17 06:51:37
70,7322,DW852GS,12712,None,51.1279449462891,16.990629196167,2021-12-17 17:16:33
71,7323,DW854GS,12701,127,51.0747413635254,17.0162010192871,2021-12-17 18:06:04
72,7324,DW568GS,12611,126,51.1306457519531,16.9833850860596,2021-12-17 18:06:21
73,7325,DW571GS,10103,101,51.143913269043,16.9501628875732,2021-12-17 18:06:08
74,7326,DW573GS,12206,122,51.1223945617676,16.9616260528564,2021-12-17 18:05:32
75,7327,DW570GS,12203,122,51.1255912780762,16.9843654632568,2021-12-17 18:05:56
76,7328,DW572GS,13003,130,51.1371383666992,17.0469741821289,2021-12-17 18:06:07
77,7329,DW574GS,11604,116,51.1121788024902,17.062837600708,2021-12-17 18:06:17
78,7330,DW851GS,12910,129,51.1220817565918,16.9375305175781,2021-12-17 18:06:07
79,7331,DW853GS,10804,108,51.1248016357422,17.0347671508789,2021-12-17 18:06:09
80,7332,DW860GS,11503,115,51.1136207580566,17.0923023223877,2021-12-17 18:06:21
81,7333,DW859GS,12705,127,51.115608215332,17.0139636993408,2021-12-17 18:06:06
82,7334,DW858GS,10504,105,51.1966857910156,16.9750308990479,2021-12-17 18:06:06
83,7335,DW857GS,11607,116,51.134521484375,17.0584888458252,2021-12-17 18:06:08
84,7336,DW855GS,12707,127,51.1166801452637,17.0101833343506,2021-12-17 18:06:09
85,7337,DW856GS,12706,127,51.1078453063965,17.0213413238525,2021-12-17 18:06:19
86,7338,DW861GS,14310,143,51.078441619873,17.0341720581055,2021-12-17 18:06:17
87,7339,DW506KF,11101,111,51.1250991821289,17.0780029296875,2021-12-17 18:06:18
88,7340,DW508KF,12908,129,51.1255722045898,16.9843463897705,2021-12-17 18:06:08
89,7341,DW509KF,73101,731,51.1322135925293,16.9739990234375,2021-12-17 18:05:56
90,7342,DW507KF,12608,126,51.0737533569336,17.0019340515137,2021-12-17 18:05:57
91,7343,DW504KF,15105,151,51.1485748291016,17.0232315063477,2021-12-07 14:52:21
92,7344,DW503KF,12902,None,51.1481971740723,17.0237598419189,2021-12-17 14:47:46
93,7345,DW512KF,11107,111,51.117805480957,17.042064666748,2021-12-17 18:06:09
94,7346,DW513KF,73103,731,51.1426200866699,16.9624271392822,2021-12-17 18:06:07
95,7347,DW514KF,14304,None,51.1483001708984,17.0228672027588,2021-12-17 14:35:33
96,7348,DW516KF,12710,127,51.1081390380859,17.0215473175049,2021-12-17 18:06:09
97,7349,DW517KF,10106,101,51.1448936462402,16.8712940216064,2021-12-17 08:09:16
98,7350,DW518KF,14211,142,51.1216812133789,17.0307273864746,2021-12-17 18:05:56
99,7351,DW519KF,12612,126,51.0677528381348,17.0143775939941,2021-12-17 18:05:25
100,7352,DW704KF,13005,130,51.1552467346191,17.1292324066162,2021-12-17 18:06:07
101,7353,DW705KF,11508,115,51.101806640625,17.1568374633789,2021-12-17 18:06:20
102,7354,DW706KF,12901,129,51.1366119384766,16.9984073638916,2021-12-17 18:05:57
103,7355,DW708KF,11803,118,51.1333618164062,17.1051979064941,2021-12-17 18:06:20
104,7356,DW709KF,14204,142,51.1120414733887,17.0198154449463,2021-12-17 18:05:44
105,7357,DW710KF,31910,319,51.0642929077148,16.9768619537354,2021-12-17 18:05:46
106,8001,DW0602G,,None,51.0765800476074,17.0714168548584,2017-08-23 19:55:47
107,8002,DW4287H,13406,None,51.1460990905762,17.0233402252197,2015-05-03 11:50:47
108,8003,DW9071H,60204,None,51.1461601257324,17.023609161377,2015-05-21 15:12:10
109,8005,DW8340G,None,None,51.0958213806152,16.991418838501,2013-03-05 10:42:47
110,8006,DW8021H,D05,None,51.148567199707,17.0231056213379,2015-06-16 15:46:59
111,8008,DW9493G,60204,None,51.1484985351562,17.0225658416748,2015-12-01 07:46:57
112,8009,DW0094H,40908,409,51.1461486816406,17.0233573913574,2015-11-19 04:03:43
113,8010,DW8621G,13610,None,51.1485328674316,17.0224075317383,2017-08-18 08:08:27
114,8011,DW8733J,10311,None,51.1462059020996,17.0232887268066,2015-11-17 10:48:49
115,8012,DW9412H,24523,245,51.1461524963379,17.0232810974121,2015-11-14 20:49:31
116,8013,DW7358K,13404,None,51.1461868286133,17.0231761932373,2015-11-21 16:14:45
117,8014,DW7098K,13406,None,51.1462249755859,17.0230903625488,2015-11-19 04:03:36
118,8015,DW9148H,11902,None,51.148551940918,17.0228538513184,2015-06-23 08:44:23
119,8016,DW9992H,60207,None,51.146427154541,17.022891998291,2015-07-31 14:19:51
120,8017,DW2544H,11502,None,51.1490707397461,17.0231857299805,2015-12-02 17:42:53
121,8018,DW2968H,A01,None,51.1484184265137,17.0224800109863,2015-08-11 20:46:25
122,8019,DW2546H,60713,None,51.1463584899902,17.0230941772461,2015-11-27 08:15:38
123,8020,DW0084H,13610,None,51.146728515625,17.0235328674316,2015-11-27 11:16:48
124,8021,DW5564G,13402,None,51.1487350463867,17.0233039855957,2015-12-01 21:15:50
125,8022,DW1788H,24525,None,51.1464614868164,17.0230865478516,2015-11-19 04:01:54
126,8023,DW0069K,11904,119,51.1483421325684,17.0224514007568,2015-08-13 14:40:41
127,8024,DW5387C,13609,None,51.1464462280273,17.0230464935303,2015-11-17 07:04:51
128,8025,DW4836H,13603,None,51.1483306884766,17.023754119873,2015-06-22 09:32:08
129,8026,DW1989G,11303,None,51.1465072631836,17.0228424072266,2015-11-05 07:56:35
130,8027,DW8331G,13607,136,51.146614074707,17.0228729248047,2015-11-18 03:47:36
131,8028,DW77530,24105,None,51.1491203308105,17.0235843658447,2017-10-12 09:56:23
132,8029,DW77064,13406,None,51.1486396789551,17.0214290618896,2017-06-02 00:36:25
133,8030,DW76409,13403,None,51.1497383117676,17.0230808258057,2017-06-08 19:15:13
134,8031,DW75729,12703,None,51.1463813781738,17.022632598877,2017-06-22 20:39:13
135,8032,DW76102,12710,127,51.1462249755859,17.0241832733154,2017-06-16 04:34:31
136,8033,DW77386,12701,127,51.1464996337891,17.0243911743164,2017-07-19 05:06:18
137,8034,DW78793,10208,None,51.1473617553711,17.0224990844727,2017-11-04 06:20:51
138,8035,DW77968,10305,103,51.1478271484375,17.0225944519043,2017-10-28 10:44:54
139,8036,DW82327,12704,None,51.1478004455566,17.0227546691895,2017-06-30 01:15:13
140,8037,DW76101,C04,C,51.1485137939453,17.0230560302734,2017-10-09 08:57:41
141,8038,DW78794,14408,None,51.1483535766602,17.0221080780029,2015-08-12 16:59:47
142,8039,DW79511,C07,None,51.1478614807129,17.022533416748,2017-06-16 23:40:16
143,8040,DW79815,12704,None,51.1480751037598,17.0213584899902,2017-08-07 11:39:06
144,8041,DW79806,A06,None,51.1480941772461,17.0224609375,2017-07-13 14:20:52
145,8042,DW76408,12701,127,51.1482048034668,17.0224456787109,2015-07-29 14:38:38
146,8043,DW77065,13403,None,51.1482238769531,17.0233497619629,2017-07-14 22:16:30
147,8044,DW77619,12702,None,51.1375541687012,16.9689865112305,2016-11-02 18:58:40
148,8045,DW77937,12705,None,51.1481666564941,17.0218849182129,2016-05-04 18:24:02
149,8046,DW25641,K14,None,51.1461067199707,17.0234107971191,2018-06-09 10:09:50
150,8047,DW67690,12108,121,51.1486587524414,17.0233192443848,2020-12-07 11:34:39
151,8048,DW67682,13201,132,51.1489944458008,17.0220355987549,2019-10-17 01:08:56
152,8049,DW67699,,None,51.1496925354004,17.022518157959,2018-04-17 17:55:22
153,8050,DW0963R,0,None,51.1488151550293,17.0245132446289,2018-04-20 09:56:33
154,8051,DW67681,A04,A,51.149600982666,17.022985458374,2019-09-18 07:57:01
155,8052,DW5529F,N15,None,51.1488761901855,17.0217781066895,2019-10-06 06:37:33
156,8053,DW71329,D04,A,51.147289276123,17.0230827331543,2019-10-06 08:10:35
157,8054,DW83893,14805,246,51.1486015319824,17.0240135192871,2019-10-15 16:24:10
158,8055,DW0841R,,None,51.0424957275391,16.8884181976318,2019-10-06 13:13:34
159,8056,DW73592,N17,None,51.1489181518555,17.0243968963623,2020-11-06 16:33:18
160,8057,DW67686,10305,103,51.0431251525879,16.8876876831055,2019-10-08 06:22:20
161,8058,DW67688,11509,None,51.1493148803711,17.022632598877,2018-06-30 00:24:19
162,8059,DW67687,13614,None,51.1469802856445,17.0226783752441,2019-10-16 14:08:10
163,8060,DW67683,11902,119,51.149845123291,17.0228137969971,2018-05-30 01:07:45
164,8061,DW67689,N04,N,51.1487464904785,17.0216598510742,2019-09-17 01:05:43
165,8062,DW67684,10101,None,51.0431785583496,16.887659072876,2019-10-07 10:49:01
166,8063,DW67685,14409,None,51.1468315124512,17.0227813720703,2019-09-18 17:40:52
167,8064,DW70791,A04,A,51.1489524841309,17.0244159698486,2018-04-09 07:39:32
168,8065,DW70792,A05,None,51.1495780944824,17.0223827362061,2018-04-21 13:16:32
169,8066,DW70785,A02,A,51.149600982666,17.0229797363281,2019-04-19 10:05:32
170,8067,DW70786,0,None,51.1499214172363,17.0226383209229,2018-05-24 10:31:27
171,8068,DW70784,25524,115,51.1470146179199,17.0225982666016,2019-05-30 00:03:51
172,8069,DW73594,,None,51.1487083435059,17.0235137939453,2020-11-25 16:31:14
173,8070,DW73681,12810,None,51.1490821838379,17.0221691131592,2019-10-06 06:37:02
174,8071,DW73682,13615,None,51.1496200561523,17.0224723815918,2018-04-22 05:16:35
175,8072,DW73596,13612,136,51.1497116088867,17.0225715637207,2018-05-21 19:05:00
176,8073,DW73679,13608,None,51.1488876342773,17.0219497680664,2017-09-04 22:54:40
177,8074,DW73678,0,None,51.1497116088867,17.0226669311523,2018-05-16 06:39:07
178,8075,DW73680,13108,None,51.1497116088867,17.0230827331543,2018-10-04 22:19:10
179,8076,DW73590,A05,None,51.148120880127,17.0224590301514,2019-07-29 17:56:07
180,8077,DW73591,13610,136,51.042911529541,16.8880081176758,2018-03-25 18:34:52
181,8078,DW73806,14403,144,51.1486015319824,17.0208377838135,2019-10-16 18:54:14
182,8079,DW73807,K05,None,51.1495475769043,17.0229187011719,2019-10-03 12:21:07
183,8080,DW73809,D04,None,51.1487274169922,17.0216121673584,2018-03-06 08:18:01
184,8081,DW73810,13102,None,51.1487350463867,17.0215721130371,2018-03-06 07:50:16
185,8082,DW73811,10210,None,51.1498680114746,17.0227851867676,2018-04-25 03:50:38
186,8083,DW73812,,None,51.1497993469238,17.0224304199219,2018-05-07 17:17:15
187,8084,DW73813,,None,51.1475067138672,17.0226249694824,2018-06-09 19:57:10
188,8085,DW73814,13216,132,51.1496353149414,17.0230579376221,2019-10-17 01:27:54
189,8086,DW86343,K04,None,51.1495628356934,17.0228118896484,2019-10-03 07:55:16
190,8087,DW86341,13406,None,51.1486053466797,17.022798538208,2019-10-15 10:43:32
191,8088,DW86342,13213,132,51.1495018005371,17.0227241516113,2019-10-12 07:13:15
192,8089,DW86337,11905,119,51.1495056152344,17.0227642059326,2018-10-17 15:16:29
193,8090,DW118GE,10211,None,51.1495056152344,17.0228233337402,2018-10-18 14:58:27
194,8091,DW0037E,A06,None,51.1483993530273,17.0223350524902,2019-10-12 07:40:08
195,8092,DW0045E,13403,134,51.1487617492676,17.0229663848877,2019-10-14 13:05:57
196,8093,DW0043E,11904,119,51.1485252380371,17.0237903594971,2019-10-14 12:49:17
197,8094,DW0094E,C09,None,51.1484985351562,17.0236225128174,2019-10-15 14:24:39
198,8095,DW0093E,13612,None,51.1486549377441,17.0233325958252,2019-10-11 07:52:18
199,8096,DW2513E,11010,None,51.148754119873,17.0243492126465,2019-10-02 08:09:40
200,8097,DW2512E,10202,102,51.042896270752,16.8879241943359,2019-10-07 13:03:07
201,8098,DW2510E,,None,51.1482925415039,17.0227165222168,2020-01-27 12:01:04
202,8099,DW2509E,10207,None,51.148853302002,17.0243492126465,2019-10-06 06:41:44
203,8100,DW2508E,13202,None,51.0430145263672,16.8878498077393,2019-10-06 13:42:05
204,8101,DW2507E,13612,136,51.1467056274414,17.0228137969971,2019-10-06 06:47:12
205,8102,DW3021E,10208,102,51.1461334228516,17.0233936309814,2019-10-06 06:47:29
206,8103,DW0036E,13108,131,51.1465148925781,17.0229110717773,2019-10-16 21:16:51
207,8104,DW0092E,,None,51.0429801940918,16.8882961273193,2019-10-07 14:05:56
208,8105,DW0088E,10203,102,51.1484146118164,17.0230388641357,2019-10-06 09:42:18
209,8106,DW3022E,14107,141,51.1485366821289,17.0226001739502,2019-10-07 15:16:23
210,8107,DW566AT,,None,51.0430335998535,16.887809753418,2019-10-07 13:07:05
211,8108,DW568AT,12810,None,51.1462783813477,17.0233135223389,2019-10-02 08:45:49
212,8109,DW3024E,14104,None,51.1462898254395,17.0231380462646,2019-05-29 13:33:57
213,8110,DW269AN,0,None,51.0432052612305,16.8877563476562,2019-10-07 13:25:03
214,8111,DW3143E,11510,115,51.1487922668457,17.0216655731201,2019-10-16 22:23:15
215,8112,DW3141E,12808,None,51.1464614868164,17.023099899292,2019-10-06 08:37:18
216,8113,DW3140E,14102,141,51.1464996337891,17.0230445861816,2019-10-16 19:35:07
217,8114,DW3139E,14105,None,51.1467132568359,17.0229072570801,2019-10-17 01:24:51
218,8115,DW3138E,D09,None,51.1466178894043,17.0229644775391,2019-09-27 06:27:50
219,8116,DW9185M,D06,None,51.146656036377,17.0229034423828,2020-11-18 06:45:34
220,8117,DW9213M,13602,None,51.1492652893066,17.0224704742432,2020-10-30 08:01:58
221,8119,DW0702N,None,None,51.1144256591797,16.9750022888184,2013-04-03 19:37:55
222,8120,DW6656N,C05,None,51.1475067138672,17.0221290588379,2020-12-17 09:28:34
223,8121,DW6653N,13402,134,51.1489677429199,17.0243492126465,2020-11-04 06:54:30
224,8122,DW6652N,14408,None,51.1465759277344,17.0229415893555,2020-11-04 06:02:10
225,8123,DW6757N,13603,None,51.1465034484863,17.023006439209,2020-11-04 06:03:18
226,8124,DW6664N,C03,None,51.147045135498,17.0225868225098,2020-11-23 10:07:48
227,8125,,13112,N,51.150146484375,17.0225982666016,2020-11-09 08:30:02
228,8126,DW0704N,D06,None,51.1489448547363,17.021993637085,2020-12-01 06:05:40
229,8127,DW9186M,10310,None,51.1486129760742,17.023494720459,2020-12-07 10:33:18
230,8128,DW9211M,D13,None,51.1485748291016,17.0226612091064,2020-12-07 10:19:04
231,8129,DW9210M,60203,602,51.1485328674316,17.0233116149902,2020-12-17 09:21:39
232,8130,DW6752N,12809,None,51.1467208862305,17.0228672027588,2020-11-04 06:28:51
233,8131,DW6753N,13208,None,51.1481285095215,17.0214385986328,2020-12-07 09:24:55
234,8132,DW6754N,D10,D,51.1457061767578,17.1112728118896,2020-09-11 14:38:21
235,8133,DW6756N,12410,124,51.1468925476074,17.0226421356201,2020-12-17 10:36:11
236,8134,DW6755N,12102,121,51.1461791992188,17.0228481292725,2020-11-23 09:33:27
237,8135,DW6759N,12104,121,51.146842956543,17.0235958099365,2020-11-23 06:06:06
238,8136,DW6373T,D07,None,51.1460990905762,17.0234394073486,2020-11-09 11:29:29
239,8138,DW4833X,10209,None,51.1489295959473,17.0243663787842,2020-11-04 07:07:45
240,8139,DW6382X,D08,D,51.1465072631836,17.0228900909424,2020-11-09 09:50:09
241,8140,DW6384X,K13,None,51.1477584838867,17.0218982696533,2020-11-23 09:03:02
242,8141,DW6385X,K16,319,51.1486663818359,17.0203819274902,2020-11-03 17:56:03
243,8142,DW6386X,13611,136,51.1486778259277,17.0208473205566,2020-12-17 09:43:29
244,8143,DW6387X,10310,103,51.1470146179199,17.0226192474365,2020-12-17 10:04:16
245,8144,DW6388X,0,None,51.1484718322754,17.0225009918213,2021-12-17 05:59:54
246,8145,DW6389X,,120,51.1488075256348,17.0235176086426,2020-11-09 07:33:04
247,8300,DW945FU,14402,144,51.0893058776855,17.0069541931152,2021-12-17 18:04:20
248,8301,DW943FU,70303,703,51.1072311401367,17.0420742034912,2021-12-17 18:06:09
249,8302,DW036GT,10202,102,51.1575469970703,16.9240894317627,2021-12-17 18:05:57
250,8303,DW037GT,A09,A,51.133487701416,17.0606479644775,2021-12-17 18:05:56
251,8304,DW038GT,12411,124,51.0695266723633,17.096284866333,2021-12-17 17:56:50
252,8305,DW925FU,13406,124,51.0952262878418,17.0087413787842,2021-12-17 18:06:20
253,8306,DW924FU,N10,N,51.0944519042969,17.0309791564941,2021-12-17 18:06:18
254,8307,DW946FU,13604,136,51.1374282836914,16.9687519073486,2021-12-17 18:06:17
255,8308,DW271FU,12104,121,51.1135330200195,17.0672225952148,2021-12-17 18:05:57
256,8309,DW267FU,10211,None,51.1486778259277,17.0214614868164,2021-02-02 01:58:01
257,8310,DW706FU,12105,121,51.1455001831055,17.1487979888916,2021-12-17 17:55:46
258,8311,DW290GR,10207,102,51.1538200378418,16.8932819366455,2021-12-17 18:06:07
259,8312,DW862GS,10204,102,51.123706817627,16.9876728057861,2021-12-17 18:05:59
260,8313,DW868GS,12806,128,51.1363182067871,16.9500141143799,2021-12-17 18:06:18
261,8314,DW870GS,D01,D,51.1019439697266,17.0294322967529,2021-12-17 18:05:57
262,8315,DW875GS,11603,116,51.1375617980957,17.0526542663574,2021-12-17 18:06:07
263,8316,DW872GS,A03,A,51.0750122070312,17.0065402984619,2021-12-17 18:05:56
264,8317,DW713GS,10209,102,51.1540870666504,16.8996353149414,2021-12-17 18:06:19
265,8318,DW569GS,10608,106,51.1126594543457,16.994421005249,2021-12-17 18:05:47
266,8319,DW867GS,13601,136,51.1218872070312,16.9743175506592,2021-12-17 18:05:57
267,8320,DW874GS,10208,102,51.1167373657227,17.0099830627441,2021-12-17 18:06:05
268,8321,DW873GS,D06,D,51.0751457214355,17.0061302185059,2021-12-17 18:05:57
269,8322,DW871GS,12413,134,51.1194190979004,16.951530456543,2021-12-17 18:06:10
270,8323,DW869GS,13215,132,51.0840148925781,16.9719486236572,2021-12-17 17:45:11
271,8324,DW864GS,13204,132,51.1128082275391,17.0076141357422,2021-12-17 18:05:46
272,8325,DW865GS,70304,703,51.0901336669922,17.0646572113037,2021-12-17 18:06:08
273,8326,DW863GS,11901,119,51.1166534423828,16.9693031311035,2021-12-17 18:06:07
274,8327,DW866GS,10107,101,51.1597061157227,16.8937072753906,2021-12-17 18:05:32
275,8328,DW908KF,13214,132,51.1379737854004,17.0535507202148,2021-12-17 18:05:47
276,8329,DW911KF,K06,K,51.1178550720215,17.0317859649658,2021-12-17 18:05:56
277,8330,DW913KF,C09,C,51.1362609863281,16.9789047241211,2021-12-17 18:04:50
278,8331,DW915KF,12803,128,51.1419982910156,17.0923023223877,2021-12-17 18:06:17
279,8332,DW917KF,14806,148,51.1483993530273,17.0229969024658,2021-12-15 10:39:39
280,8333,DW918KF,11908,119,51.0819931030273,16.989387512207,2021-12-17 18:06:08
281,8334,DW920KF,11903,119,51.0956840515137,16.9772415161133,2021-12-17 18:05:45
282,8335,DW916KF,12802,128,51.1172981262207,17.0443019866943,2021-12-17 18:06:18
283,8336,DW919KF,14410,144,51.1623229980469,17.045862197876,2021-12-17 18:06:08
284,8337,DW921KF,A04,A,51.0791320800781,16.9910545349121,2021-12-17 18:06:18
285,8338,DW910KF,13116,131,51.1425285339355,17.1313858032227,2021-12-17 18:06:17
286,8339,DW912KF,14404,144,51.1119804382324,17.022331237793,2021-12-17 18:05:58
287,8340,DW914KF,13202,132,51.109619140625,16.9538593292236,2021-12-17 18:05:46
288,8341,DW104KE,12808,128,51.1372451782227,16.9480304718018,2021-12-17 18:03:02
289,8500,DW9964G,12702,127,51.147834777832,17.0233058929443,2015-06-12 10:57:02
290,8501,DW19053,10206,102,51.1132850646973,17.0180072784424,2015-06-22 10:22:04
291,8600,DW14119,14905,None,51.1473197937012,17.0233249664307,2018-02-25 14:56:33
292,9002,DW0029K,40301,None,51.1480941772461,17.0220832824707,2014-08-20 14:22:50
293,9004,DW5068H,K03,None,51.147891998291,17.0225963592529,2014-08-28 09:01:29
294,9005,DW8847H,25024,250,51.1478462219238,17.0224723815918,2014-09-04 12:41:54
295,9007,DW7096K,N21,N,51.1484794616699,17.0224075317383,2014-06-11 17:15:29
296,9008,DW8339G,10305,None,51.1484069824219,17.0232391357422,2014-08-25 06:04:03
297,9009,DW5166J,,None,51.1484985351562,17.0225143432617,2014-09-08 07:29:35
298,9011,DW4037K,33101,None,51.1480865478516,17.0213756561279,2014-09-18 09:14:39
299,9012,DW8025H,25921,None,51.1481552124023,17.0218887329102,2014-09-18 05:55:03
300,9013,DW0045K,33101,None,51.1373863220215,17.030065536499,2014-09-25 09:11:49
301,9014,DW0075H,25123,251,51.1452827453613,17.107536315918,2014-05-24 02:04:05
302,9015,DW6564H,None,None,51.1477661132812,17.02268409729,2013-07-05 11:51:35
303,9016,DW9978H,14207,None,51.1480865478516,17.0221900939941,2014-09-18 09:21:34
304,9017,DW9634H,None,None,51.1484146118164,17.0228023529053,2014-03-12 07:29:04
305,9019,DW5074H,14105,None,51.1479721069336,17.0216674804688,2014-10-07 09:14:25
306,9021,DW2018J,14103,141,51.1482009887695,17.0205173492432,2014-09-18 09:41:02
307,9023,DW4036K,70403,None,51.1497802734375,17.0226249694824,2014-09-18 00:27:03
308,9024,DW8846H,14203,142,51.1484909057617,17.0225086212158,2014-06-04 18:56:41
309,55,CBSQNA,24525,None,53.1565856933594,18.1069297790527,2014-01-09 10:45:01
310,9026,DW0791K,40307,None,51.1485748291016,17.0209407806396,2014-09-18 08:27:12
311,9027,DW94427,40305,None,51.1136207580566,17.0323257446289,2014-09-18 04:26:00
312,9029,DW8020H,14105,141,51.1482009887695,17.0237197875977,2014-09-04 11:20:08
313,9030,DW6659H,14410,None,51.1477546691895,17.0227279663086,2014-09-04 12:46:51
314,9508,DW0778K,12614,None,51.1484680175781,17.022367477417,2016-04-15 17:04:17
315,9514,DW4680J,10712,None,51.147632598877,17.0228443145752,2015-06-22 10:22:15
316,9519,DW5741H,24922,None,51.1472930908203,17.0223941802979,2015-06-21 02:05:08
317,9520,DW7820J,None,None,51.0965614318848,16.9904880523682,2012-06-30 03:39:13
318,9522,DW5848J,11602,116,51.148681640625,17.0232391357422,2014-09-04 13:00:13
319,9523,DW6064J,11804,None,51.148021697998,17.0224075317383,2014-10-06 03:17:13
320,9525,DW5846J,12503,None,51.1473541259766,17.0224952697754,2015-06-22 10:20:59
321,9526,DW2778K,A02,A,51.148551940918,17.0226154327393,2014-08-03 10:54:58
322,9529,DW5847J,10710,None,51.1487464904785,17.0211200714111,2015-06-22 09:12:49
323,9530,DW8727J,13303,133,51.1476058959961,17.0231533050537,2015-06-25 13:36:21
324,9531,DW8729J,60710,None,51.0967102050781,16.9906044006348,2014-10-16 11:15:27
325,9532,DW6452K,13310,133,51.1462593078613,17.022798538208,2015-06-22 09:04:52
326,9533,DW6386J,None,None,51.1495628356934,17.0235767364502,2013-06-06 10:12:24
327,9534,DW8739J,24722,247,51.0968933105469,17.0370082855225,2015-06-21 02:05:13
328,9535,DW0129L,A01,None,51.1483535766602,17.0224533081055,2015-08-12 18:29:39
329,9536,DW8392J,25923,259,51.1492080688477,17.0238342285156,2014-10-06 00:45:23
330,9537,DW8178J,40301,None,51.1478576660156,17.0224647521973,2014-09-04 12:45:24
331,9538,DW3169K,24723,None,51.0965194702148,16.9904537200928,2014-10-08 08:18:44
332,9539,DW5685J,24923,249,51.1484336853027,17.0225067138672,2016-05-25 08:17:46
333,9540,DW8728J,10501,105,51.1366004943848,17.0428161621094,2014-09-07 23:45:46
334,9541,DW3351K,12903,None,51.148754119873,17.0237140655518,2014-09-05 11:10:19
335,9542,DW3886A,14402,None,51.1491279602051,17.0238819122314,2014-08-16 23:35:15
336,9544,DW6065J,11406,None,51.1479072570801,17.0233917236328,2015-04-30 21:56:47
337,9546,DW5029J,24021,None,51.1479873657227,17.0223407745361,2014-10-28 05:22:38
338,9547,DW5567E,10908,None,51.1474113464355,17.0226058959961,2015-06-22 10:21:21
339,9549,DW8198K,,None,51.0766525268555,17.0713596343994,2017-08-24 11:39:55
340,9550,DW0028K,12512,None,51.1476516723633,17.0225372314453,2015-05-04 01:01:32
341,9554,DW7097K,13004,None,51.0969276428223,16.9909801483154,2014-08-04 02:51:02
342,9555,DW7069H,10502,None,51.148754119873,17.0237426757812,2014-02-28 03:07:08
343,9556,DW7062H,25701,None,51.1479797363281,17.0222015380859,2015-06-24 08:33:24
344,9557,DW8014H,10905,109,51.1479530334473,17.0233516693115,2015-06-22 10:22:16
345,9558,DW6123K,24924,None,51.1472320556641,17.0226268768311,2015-06-22 10:22:23
346,9559,DW2013J,60202,None,51.0971603393555,16.9923133850098,2014-11-03 03:39:19
347,9560,DW0981J,10907,109,51.148681640625,17.0226860046387,2017-09-27 12:20:12
348,9561,DW3729H,11601,None,51.1481323242188,17.0221500396729,2014-10-17 07:44:39
349,9562,DW6284H,24122,241,51.099365234375,17.0218563079834,2015-06-21 02:05:35
350,9563,DW742FL,24921,249,51.0770072937012,17.0064468383789,2015-06-21 02:05:31
351,100,Serwis,None,None,51.1485786437988,17.0225563049316,2013-06-29 14:26:40
352,3127,None,00607,6,51.1281318664551,17.1027946472168,2021-12-17 18:05:56
353,2201,None,00P08,0P,51.1248359680176,17.041202545166,2018-06-23 03:22:55
354,2204,None,0310,3,51.1244277954102,17.0419425964355,2018-06-26 00:20:41
355,2206,None,00413,None,51.0746536254883,17.0072002410889,2021-12-17 17:53:43
356,2208,None,00234,3,51.1053352355957,17.0279769897461,2021-12-17 18:05:57
357,2212,None,0,None,51.1244583129883,17.0403232574463,2021-12-17 14:46:28
358,2216,None,237,23,51.1241722106934,17.0413074493408,2018-03-19 11:40:57
359,2218,None,01731,4,51.0998268127441,17.0452060699463,2021-12-17 18:06:19
360,2220,None,02306,None,51.1247520446777,17.0412368774414,2018-04-01 08:26:55
361,2222,None,00109,None,51.1243515014648,17.0415096282959,2019-08-27 14:53:27
362,2224,None,2416,24,51.1244812011719,17.041618347168,2017-11-30 10:51:32
363,2228,None,00420,10,51.137134552002,16.9415340423584,2021-12-17 18:06:18
364,2230,None,00908,17,51.1051254272461,17.0360584259033,2021-12-17 18:06:10
365,2232,None,None,None,51.1283493041992,17.1018924713135,2012-07-04 18:22:08
366,2234,None,0P02,0P,51.1161918640137,17.057409286499,2015-07-31 14:19:30
367,2237,None,00421,4,51.1022300720215,17.1023941040039,2021-12-17 18:06:18
368,2238,None,01730,4,51.1098670959473,17.0645694732666,2021-12-17 18:05:45
369,2239,None,02314,23,51.1125640869141,16.9934539794922,2021-12-17 18:05:59
370,2240,None,,None,51.0884437561035,17.0295848846436,2021-12-17 15:38:28
371,2242,None,00915,9,51.1098365783691,17.0770664215088,2021-12-17 18:05:59
372,2246,None,,None,51.1241455078125,17.0412406921387,2017-10-16 09:59:06
373,2250,None,802,None,51.1254997253418,17.0411586761475,2018-03-07 15:01:31
374,2252,None,01734,None,51.1247329711914,17.0414142608643,2021-12-17 06:19:19
375,2254,None,07007,70,51.1246452331543,17.0413951873779,2021-12-07 08:05:28
376,2258,None,,None,51.1254348754883,17.0408039093018,2021-12-17 18:05:45
377,2260,None,00605,6,51.1268272399902,17.0483226776123,2021-12-17 18:06:21
378,2263,None,01742,17,51.1073608398438,17.038459777832,2021-12-17 18:06:19
379,2264,None,02315,23,51.1193504333496,17.0420742034912,2021-12-17 18:06:19
380,2266,None,01035,10,51.1453437805176,16.8763332366943,2021-12-17 18:06:07
381,2268,None,00101,17,51.0883903503418,17.0143165588379,2021-12-17 18:06:19
382,2270,None,0712,None,51.1246337890625,17.0409069061279,2018-10-26 11:11:27
383,2272,None,07007,None,51.1368942260742,16.9951229095459,2021-12-17 18:05:32
384,2274,None,07023,70,51.1023330688477,17.0465717315674,2021-12-17 18:05:32
385,2276,None,01508,8,51.1001319885254,17.0360240936279,2021-12-17 18:05:44
386,2278,None,00318,10,51.1399078369141,16.9210395812988,2021-12-17 18:06:09
387,2280,None,None,None,51.0995330810547,17.037015914917,2012-07-04 18:22:10
388,2282,None,02413,None,51.1242408752441,17.0410041809082,2018-06-17 08:11:52
389,2284,None,1001,None,51.124153137207,17.0410556793213,2015-10-20 12:17:49
390,2286,None,00308,5,51.1009902954102,17.0068874359131,2021-12-17 18:05:56
391,2288,None,01011,10,51.1115951538086,17.0591926574707,2021-12-07 16:19:06
392,2290,None,00606,6,51.1284294128418,17.1019992828369,2021-12-17 18:06:18
393,2292,None,01018,10,51.1380195617676,16.9356002807617,2020-08-27 08:02:26
394,2294,None,00808,8,51.1247367858887,17.0413188934326,2018-06-17 02:55:16
395,2298,None,,None,51.1241722106934,17.0418930053711,2021-12-17 15:49:10
396,2304,None,00523,3,51.1054649353027,17.0313835144043,2021-12-17 18:05:56
397,2306,None,01025,10,51.1252517700195,17.041618347168,2021-12-17 11:16:17
398,2308,None,00602,6,51.074520111084,17.007209777832,2021-12-17 18:05:27
399,2310,None,00906,4,51.1085662841797,17.0495357513428,2021-12-17 18:06:10
400,2312,None,00916,9,51.1125526428223,17.0396595001221,2021-12-17 18:06:08
401,2313,None,00721,7,51.1376113891602,17.0353546142578,2018-07-20 12:23:54
402,2314,None,01501,15,51.1046447753906,17.0219707489014,2021-12-17 18:05:58
403,2316,None,,None,51.1241340637207,17.0409183502197,2021-12-17 18:04:40
404,2320,None,00712,1,51.1501541137695,17.0276985168457,2021-12-17 18:06:20
405,2322,None,07013,74,51.1159248352051,17.0248889923096,2021-12-17 18:06:20
406,2324,None,02009,20,51.0788650512695,17.0040836334229,2021-12-07 15:47:33
407,2329,None,01738,7,51.1174736022949,17.0344562530518,2021-12-17 18:06:10
408,2334,None,02313,23,51.1115417480469,17.0023994445801,2021-12-17 18:06:19
409,2338,None,00809,8,51.0785331726074,17.0649814605713,2021-12-17 18:06:07
410,2342,None,00608,None,51.0785713195801,17.0049514770508,2021-12-17 09:33:22
411,2344,None,9999,None,51.0884857177734,17.029182434082,2021-12-17 17:08:28
412,2347,None,00717,1,51.120246887207,17.0427398681641,2021-12-17 18:05:57
413,2350,None,01037,3,51.1445732116699,16.871639251709,2021-12-17 18:05:26
414,2352,None,00211,None,51.1171722412109,17.0468692779541,2021-12-17 18:05:59
415,2354,None,0303,None,51.0887680053711,17.0289478302002,2018-06-14 10:02:40
416,2356,None,2010,20,51.0787239074707,17.0049514770508,2018-02-21 07:32:46
417,2358,None,01743,None,51.124324798584,17.0408248901367,2021-12-17 18:03:46
418,2362,None,214,None,51.0792922973633,17.0033416748047,2018-03-09 07:10:41
419,2364,None,00105,5,51.0962867736816,16.986722946167,2021-12-17 18:06:18
420,2366,None,01732,1,51.1247367858887,17.041332244873,2021-12-16 07:21:50
421,2368,None,1407,14,51.1373710632324,16.9946041107178,2016-12-16 01:48:16
422,2372,None,02311,23,51.1249923706055,17.0413837432861,2019-11-09 15:49:55
423,2376,None,916,None,51.0885353088379,17.028959274292,2016-02-08 14:50:48
424,2378,None,00902,4,51.0892753601074,16.9765758514404,2021-12-17 18:06:07
425,2380,None,01510,15,51.1250495910645,17.0285358428955,2021-12-17 18:06:19
426,2382,None,00236,5,51.0924453735352,16.9776744842529,2021-12-17 18:06:04
427,2383,None,201,None,51.1249008178711,17.0414867401123,2017-11-16 06:40:53
428,2386,None,00605,6,51.0788078308105,17.0035190582275,2021-10-10 20:40:37
429,2390,None,,None,51.0887069702148,17.0296020507812,2015-08-27 08:52:11
430,2392,None,01417,14,51.1240882873535,17.0405559539795,2019-05-21 23:58:48
431,2394,None,01717,17,51.1153030395508,17.0737762451172,2021-12-17 18:06:18
432,2398,None,02309,None,51.1241874694824,17.0408592224121,2020-06-19 07:47:11
433,2400,None,07015,70,51.1328125,17.0281543731689,2021-12-17 18:06:08
434,2401,None,01033,4,51.0847473144531,16.9720916748047,2021-12-17 17:56:09
435,2404,None,805,None,51.0875778198242,17.0291900634766,2018-07-13 07:45:27
436,2408,None,1,None,51.0785331726074,17.0049591064453,2021-12-17 16:13:29
437,2410,None,2310,None,51.1249465942383,17.0409889221191,2016-01-18 04:11:11
438,2412,None,,None,51.1246452331543,17.0414409637451,2019-01-13 08:21:23
439,2416,None,00811,8,51.1072235107422,17.0386009216309,2021-12-17 18:05:46
440,2420,None,07022,9,51.0742073059082,17.0158729553223,2021-12-17 18:06:06
441,2422,None,1503,15,51.0884170532227,17.0286083221436,2015-08-24 13:07:08
442,2423,None,1508,15,51.0872344970703,17.0287342071533,2017-01-17 10:30:16
443,2426,None,01039,2,51.075008392334,17.0071907043457,2021-12-17 18:06:05
444,2428,None,02301,23,51.1319541931152,17.0659599304199,2018-03-19 11:40:54
445,2430,None,00410,10,51.1045532226562,17.0824565887451,2021-12-17 18:05:46
446,2434,None,07026,74,51.1245422363281,17.0414257049561,2021-12-17 06:17:16
447,2436,None,1001,None,51.1239318847656,17.0406112670898,2017-06-22 12:12:46
448,2440,None,01418,None,51.123836517334,17.0407047271729,2019-07-30 09:51:34
449,2442,None,00718,1,51.1079330444336,17.0709419250488,2021-12-17 18:05:47
450,2444,None,210,None,51.0784721374512,17.0049934387207,2016-09-08 15:07:40
451,2446,None,00911,15,51.1013832092285,17.0289363861084,2021-12-17 18:05:15
452,2448,None,00211,10,51.1253509521484,17.0410461425781,2021-12-17 01:07:01
453,2450,None,00319,3,51.1125526428223,16.9974613189697,2021-12-17 18:05:45
454,2452,None,208,None,51.1247940063477,17.0410175323486,2017-11-07 00:30:48
455,2458,None,00L02,0L,51.1240768432617,17.0410346984863,2019-09-01 06:27:12
456,2460,None,01707,1,51.1503448486328,17.0284805297852,2021-12-17 18:05:56
457,2464,None,00611,6,51.1218795776367,17.0436038970947,2021-12-17 18:06:18
458,2466,None,912,None,51.1243934631348,17.0415954589844,2017-11-08 12:06:36
459,2468,None,07026,74,51.1379203796387,16.9937744140625,2021-12-17 18:06:09
460,2470,None,206,None,51.0881423950195,17.028902053833,2016-01-19 06:54:37
461,2472,None,02326,23,51.1207275390625,17.0430850982666,2021-12-17 18:04:48
462,2474,None,00722,7,51.1144714355469,17.0361518859863,2021-12-17 18:05:35
463,2478,None,00808,16,51.0830383300781,17.0543651580811,2021-12-17 18:05:27
464,2480,None,01504,15,51.1131477355957,17.023416519165,2021-12-17 18:05:58
465,2482,None,07034,74,51.1124610900879,17.0227909088135,2021-12-17 18:06:05
466,2484,None,02007,20,51.140754699707,16.9143085479736,2021-12-17 18:06:09
467,2486,None,07414,74,51.1332130432129,17.0247230529785,2021-12-17 18:05:57
468,2488,None,07001,70,51.1236457824707,17.029712677002,2021-12-17 18:06:17
469,2490,None,01501,15,51.1242942810059,17.0408134460449,2021-12-17 16:16:50
470,2492,None,None,None,51.1009140014648,17.0087280273438,2012-07-04 22:37:55
471,2496,None,00113,None,51.1247863769531,17.0410232543945,2019-11-19 09:15:33
472,2498,None,00235,3,51.1058082580566,17.0470676422119,2021-12-17 18:06:07
473,2500,None,01725,None,51.0881614685059,17.0290107727051,2019-01-26 14:53:43
474,2504,None,1508,None,51.0881004333496,17.028751373291,2018-03-02 11:03:48
475,2506,None,2004,None,51.0884666442871,17.0286445617676,2017-04-27 16:05:39
476,2510,None,00313,None,51.0877532958984,17.0288028717041,2021-12-06 07:07:49
477,2512,None,1508,15,51.0886421203613,17.0293998718262,2017-11-30 06:29:25
478,2514,None,01735,17,51.1153678894043,17.0410022735596,2021-12-17 18:05:13
479,2516,None,03,None,51.088695526123,17.0289726257324,2018-06-15 10:23:45
480,2518,None,None,None,51.1112899780273,17.0269641876221,2012-07-03 11:17:45
481,2520,None,308,None,51.0879821777344,17.0285015106201,2016-01-14 01:16:57
482,2522,None,00806,8,51.1248435974121,17.0352077484131,2021-12-17 18:06:07
483,2524,None,00809,None,51.0883598327637,17.0284309387207,2018-06-21 23:56:02
484,2528,None,00803,None,51.0897979736328,17.0287284851074,2018-06-22 07:08:07
485,2530,None,07027,74,51.1125144958496,17.0228462219238,2021-12-17 18:05:58
486,2532,None,00105,None,51.1252059936523,17.0406322479248,2021-12-17 07:21:39
487,2534,None,,None,51.1242141723633,17.0415058135986,2017-09-08 11:42:19
488,2536,None,00211,2,51.0939521789551,17.0208415985107,2021-12-17 13:19:01
489,2538,None,0,None,51.1241073608398,17.040885925293,2021-10-28 13:24:31
490,2542,None,00216,None,51.1242752075195,17.0411567687988,2020-05-25 11:40:36
491,2544,None,01735,17,51.1247291564941,17.0414962768555,2021-12-17 06:17:28
492,2546,None,07009,70,51.1153450012207,17.0606517791748,2021-12-17 18:05:58
493,2548,None,02309,None,51.1247711181641,17.0413436889648,2021-12-16 08:50:10
494,2550,None,01734,17,51.1139526367188,17.1032009124756,2021-12-17 18:06:17
495,2552,None,513,None,51.0874137878418,17.0291614532471,2017-09-18 06:36:16
496,2554,None,1505,None,51.0883598327637,17.0290946960449,2016-01-25 07:03:44
497,2556,None,00910,9,51.0944404602051,17.0308361053467,2021-12-17 18:06:09
498,2558,None,02312,23,51.1051254272461,17.0362415313721,2021-12-17 18:06:18
499,2561,None,,None,51.0884246826172,17.0291728973389,2017-12-05 02:30:39
500,2564,None,07008,74,51.1367149353027,16.9955101013184,2021-12-17 18:06:18
501,2702,None,01102,11,51.1010932922363,17.030782699585,2021-12-17 18:06:10
502,2703,None,00417,2,51.1127281188965,17.055570602417,2021-12-17 18:05:57
503,2704,None,00230,3,51.0994720458984,17.0007953643799,2021-12-17 18:05:56
504,2720,None,01714,9,51.1128005981445,17.0871467590332,2021-12-17 18:05:47
505,3101,None,03112,31,51.1138610839844,17.002269744873,2021-12-17 18:06:19
506,3102,None,00601,6,51.0731925964355,17.0063591003418,2021-12-17 18:05:47
507,3103,None,03114,31,51.0976066589355,17.0327548980713,2021-12-17 18:06:07
508,3104,None,01128,11,51.0893287658691,16.9769439697266,2021-12-17 18:06:19
509,3105,None,03120,31,51.0772323608398,17.0393505096436,2021-12-17 18:06:09
510,3106,None,03306,33,51.129467010498,16.9714469909668,2021-12-17 18:06:06
511,3107,None,03102,31,51.1213264465332,16.9936294555664,2021-12-17 18:06:08
512,3108,None,03118,31,51.0771903991699,17.0402240753174,2021-12-17 18:06:08
513,3109,None,03312,33,51.1313781738281,16.9643898010254,2021-12-17 18:05:22
514,3110,None,03307,33,51.1166038513184,17.0004043579102,2021-12-17 18:06:11
515,3111,None,,2,51.0787734985352,17.0042705535889,2020-11-27 06:58:28
516,3112,None,07003,70,51.0868301391602,17.0125102996826,2021-12-17 18:06:10
517,3113,None,03109,31,51.0772285461426,17.0394344329834,2021-12-17 18:05:57
518,3114,None,03308,33,51.1117057800293,17.060375213623,2021-12-17 18:05:34
519,3115,None,03107,31,51.1281814575195,16.9760074615479,2021-12-17 18:05:57
520,3116,None,01107,11,51.1032257080078,17.0169410705566,2021-12-17 18:05:57
521,3117,None,03110,31,51.1050148010254,17.0219326019287,2021-12-17 18:05:04
522,3118,None,03108,31,51.1161651611328,17.0008754730225,2021-12-17 18:06:08
523,3119,None,03104,31,51.1364097595215,16.9488105773926,2021-12-17 18:06:08
524,3120,None,03106,31,51.1362342834473,16.9501323699951,2021-12-17 18:03:58
525,3121,None,03113,31,51.1009788513184,17.0302219390869,2021-12-17 18:06:09
526,3122,None,01123,None,51.0789184570312,17.0055847167969,2021-12-17 09:05:17
527,3123,None,03115,31,51.1024284362793,17.0253162384033,2021-12-17 18:06:19
528,3124,None,00417,10,51.108039855957,17.0468597412109,2021-12-17 18:05:46
529,3125,None,03119,31,51.0899543762207,17.0447559356689,2021-12-17 18:06:09
530,3126,None,03101,31,51.1081237792969,17.0210151672363,2021-12-17 18:05:56
531,3128,None,01101,11,51.093677520752,16.9783172607422,2021-12-17 18:06:19
532,3129,None,03103,31,51.1280212402344,16.9763317108154,2021-12-17 18:06:17
533,3130,None,03117,31,51.1101341247559,17.0111904144287,2021-12-17 18:06:06
534,3131,None,03111,31,51.1052055358887,17.0216617584229,2021-12-17 18:05:32
535,2476,None,00609,6,51.1138877868652,17.0363140106201,2021-12-17 18:05:45
536,2602,None,07028,17,51.124137878418,17.0411510467529,2021-12-17 18:05:15
537,2604,None,01733,17,51.1154327392578,17.0743274688721,2021-12-17 18:06:07
538,2606,,01513,15,51.1289253234863,17.0275859832764,2021-12-17 18:05:26
539,2608,None,00312,9,51.1041564941406,17.037425994873,2021-12-17 18:06:17
540,2610,None,00801,16,51.1093139648438,17.0662364959717,2021-12-17 18:06:08
541,2612,None,00810,16,51.0799674987793,17.0626258850098,2021-12-17 18:06:06
542,2701,None,00604,3,51.1397476196289,16.922004699707,2021-12-17 18:06:18
543,2705,None,00307,10,51.1069602966309,17.023889541626,2021-12-17 18:05:58
544,2706,None,2410,None,51.0789680480957,17.0036907196045,2014-05-14 03:55:21
545,2707,None,00204,6,51.078727722168,17.0052185058594,2021-12-17 14:21:09
546,2708,None,00409,5,51.0845260620117,16.9720840454102,2021-12-17 18:06:07
547,2712,None,01736,17,51.1163902282715,17.0512504577637,2021-12-17 18:05:58
548,2713,None,00425,10,51.1383209228516,16.9315643310547,2021-07-07 16:31:34
549,2714,None,01737,7,51.101505279541,17.0294170379639,2021-12-17 18:06:08
550,2715,None,,None,51.1060333251953,17.0765056610107,2021-12-17 18:05:33
551,2716,None,00612,6,51.0908203125,17.0171165466309,2021-12-17 18:05:58
552,2717,None,01027,3,51.1253051757812,16.9836292266846,2021-12-17 18:06:21
553,2718,None,00237,4,51.1003456115723,17.0342922210693,2021-12-17 18:06:08
554,2719,None,07010,1,51.1317749023438,17.0369663238525,2021-12-17 18:06:10
555,2721,None,01038,10,51.1173133850098,16.9994277954102,2021-12-17 18:06:21
556,2722,None,02015,20,51.1447525024414,16.8724498748779,2021-12-17 18:06:19
557,2723,None,07002,74,51.0947952270508,16.9812431335449,2021-12-17 18:06:19
558,2724,None,00317,2,51.0746383666992,17.0070953369141,2021-12-17 18:06:07
559,2725,None,01507,15,51.1394996643066,17.0315761566162,2021-12-17 18:06:09
560,2726,None,01103,11,51.1213531494141,17.0432815551758,2021-12-17 18:05:46
561,2709,None,01026,10,51.1056137084961,17.0334949493408,2021-12-17 18:05:46
562,2710,None,00603,6,51.1097068786621,17.0267601013184,2021-12-17 18:05:58
563,2711,None,01715,1,51.1055870056152,17.0776329040527,2021-12-17 18:06:17
564,3001,None,,None,51.0790939331055,17.0053634643555,2021-12-17 11:43:59
565,3002,None,,None,51.1374740600586,16.9945526123047,2021-12-17 18:06:07
566,3003,None,07021,8,51.1247253417969,17.0343608856201,2021-12-17 18:05:56
567,3004,None,00614,6,51.0735054016113,17.0061550140381,2021-12-07 16:19:19
568,3005,None,00231,6,51.094051361084,17.0209903717041,2021-12-17 18:06:09
569,3006,None,,None,51.079029083252,17.0053157806396,2021-10-27 13:44:06
570,3007,None,07006,70,51.1238594055176,17.0443897247314,2021-12-17 18:06:19
571,3008,None,00209,None,51.0788116455078,17.0063571929932,2021-10-22 07:42:35
572,3009,None,07012,74,51.1337013244629,17.0199089050293,2021-12-17 18:06:19
573,3010,None,01104,11,51.1323127746582,17.0663967132568,2021-12-17 18:06:07
574,3011,None,00606,6,51.0792121887207,17.0038433074951,2021-09-21 06:52:52
575,3012,,07011,70,51.0907211303711,17.0170993804932,2021-12-17 18:06:06
576,3013,None,03302,17,51.1141777038574,17.1037635803223,2021-12-17 18:06:08
577,3014,None,03301,33,51.1139717102051,17.1032218933105,2021-12-17 18:06:10
578,3015,None,,None,51.0792121887207,17.003734588623,2021-10-21 13:06:12
579,3016,None,,2,51.0788192749023,17.0034255981445,2021-11-05 07:05:35
580,3017,None,03305,33,51.1171340942383,16.9998874664307,2021-12-17 18:05:57
581,0,None,None,None,51.1264343261719,16.9840507507324,2013-08-20 07:55:48
582,4005,-,,None,51.1480484008789,17.021614074707,2021-12-17 13:32:04
583,8342,-,,None,51.1473922729492,17.0228252410889,2021-12-17 13:45:40
584,5010,,12706,None,54.3451652526855,18.6875915527344,2018-09-13 10:40:57
585,5415,None,11804,118,51.1384658813477,17.0289821624756,2021-12-17 18:04:26
586,5421,None,31904,319,51.1482467651367,17.0238285064697,2021-11-27 16:29:55
587,5428,None,31907,319,51.0981254577637,16.94482421875,2021-12-07 16:19:18
588,5401,None,31907,319,51.146068572998,17.0228729248047,2021-12-17 17:31:52
589,5431,None,10307,103,51.1493797302246,16.9449272155762,2021-12-17 18:05:14
590,5432,None,11506,315,51.1134147644043,17.1194515228271,2021-12-17 18:05:45
591,5419,None,10801,108,51.1591339111328,17.0082035064697,2021-12-17 18:06:18
592,5433,None,12605,126,51.1388816833496,16.9747009277344,2021-12-17 18:06:19
593,5434,None,11801,118,51.1393127441406,16.9905033111572,2021-12-17 09:51:29
594,5416,None,13004,151,51.1133804321289,17.0669136047363,2021-12-17 18:06:18
595,5435,None,11504,315,51.1122131347656,17.0577411651611,2021-12-17 18:02:18
596,5413,None,1,None,51.1470680236816,17.0224075317383,2021-12-07 00:36:52
597,5436,None,10108,101,51.1486587524414,17.0213222503662,2021-12-17 13:35:07
598,5429,None,14209,142,51.1122856140137,17.0186042785645,2021-12-17 18:05:59
599,5437,None,14309,143,51.1760787963867,16.9981822967529,2021-12-17 18:06:19
600,5417,None,12603,126,51.1134719848633,16.9589290618896,2021-12-17 18:05:58
601,5414,None,15107,151,51.1463394165039,17.1130352020264,2021-12-17 18:06:19
602,5418,None,11512,115,51.1117858886719,17.0837173461914,2021-12-17 18:06:10
603,5423,None,12204,102,51.1486129760742,17.0232429504395,2021-11-19 17:18:23
604,5424,None,11115,111,51.1169662475586,17.0426349639893,2021-12-17 18:06:17
605,5420,None,12208,122,51.1067848205566,17.0214824676514,2021-12-17 18:06:18
606,5439,None,12613,126,51.0876083374023,17.0058441162109,2021-12-17 18:04:30
607,5427,None,14302,143,51.0879402160645,17.013557434082,2021-12-17 18:05:56
608,5612,None,60713,129,51.1252670288086,16.9834175109863,2021-12-17 17:35:53
609,5438,None,11106,111,51.1379127502441,17.0294399261475,2021-12-17 18:05:56
610,5611,None,13408,134,51.0892944335938,17.0170402526855,2021-12-17 18:06:17
611,5426,None,15101,151,51.1116485595703,17.0598754882812,2021-12-17 17:05:03
612,5430,None,11602,116,51.1506538391113,17.0729026794434,2021-12-17 18:05:36
613,5422,None,14303,143,51.1786231994629,17.0040683746338,2021-12-17 18:04:49
614,5425,None,14201,142,51.1465339660645,17.022705078125,2021-12-17 17:09:14
615,5442,None,12209,122,51.109058380127,17.0219554901123,2021-12-17 18:06:18
616,5601,None,14408,144,51.0725250244141,17.0118103027344,2021-12-17 18:05:45
617,5444,None,10310,103,51.148380279541,17.0238456726074,2021-12-17 16:05:30
618,5443,None,31906,319,51.1511192321777,17.0436973571777,2021-12-17 17:35:20
619,5602,None,N05,N,51.1484718322754,17.0230922698975,2021-12-17 15:52:28
620,5440,None,24921,None,51.148868560791,17.0211238861084,2021-12-16 04:05:41
621,5402,None,14317,143,51.1787948608398,17.0061206817627,2021-12-17 18:03:38
622,5603,None,11905,119,51.1478271484375,17.0757064819336,2021-12-17 05:57:31
623,5441,None,11805,118,51.1663017272949,16.9666271209717,2021-12-17 18:05:58
624,5604,None,13612,None,51.1474723815918,17.0229873657227,2021-12-17 14:12:03
625,5403,None,,None,51.0916862487793,17.0327110290527,2021-12-07 13:02:13
626,5409,None,12906,129,51.1104278564453,16.8792953491211,2021-12-17 18:06:17
627,5405,None,14205,142,51.1341400146484,17.0366897583008,2021-12-17 18:05:25
628,5404,None,12202,122,51.1151084899902,16.9582862854004,2021-12-17 18:04:31
629,5407,None,11608,116,51.1553916931152,17.0649280548096,2021-12-17 18:05:23
630,5606,None,13208,132,51.1450996398926,17.0231304168701,2021-12-17 06:27:19
631,5607,None,13201,132,51.1129264831543,17.0145092010498,2021-12-17 18:05:34
632,5605,None,12201,122,51.112190246582,16.9606075286865,2021-12-17 18:05:57
633,5608,None,14802,148,51.1087112426758,17.0272521972656,2021-12-15 10:49:28
634,5406,None,11501,115,51.1135482788086,17.1205387115479,2021-12-17 11:32:24
635,5408,None,11114,111,51.1759414672852,16.9983673095703,2021-12-17 18:06:07
636,5610,None,K02,K,51.1358261108398,17.0357074737549,2021-12-17 18:05:02
637,5411,None,11104,111,51.159725189209,17.133264541626,2021-12-17 18:05:58
638,5412,None,14313,143,51.0777549743652,17.0338668823242,2021-12-17 18:05:23
639,5410,None,12708,127,51.086498260498,17.0130825042725,2021-12-17 18:05:25
640,5445,None,11606,116,51.1366806030273,17.0432224273682,2021-12-17 18:05:00
641,5609,None,12805,128,51.1230392456055,16.9752750396729,2021-12-17 18:06:21
642,4201,None,,None,51.1255149841309,16.9841346740723,2015-02-23 15:37:38
643,4200,None,40303,None,51.1375389099121,16.9687824249268,2015-02-22 22:58:15
644,4101,None,40304,None,51.1288986206055,16.9705257415771,2015-02-21 15:00:29
645,4100,None,,None,51.1291885375977,16.9715099334717,2015-02-23 00:12:10
646,4103,None,40301,None,51.1290473937988,16.9715805053711,2015-02-22 23:59:24
647,4102,None,40303,403,51.1397857666016,16.9598274230957,2015-02-17 19:26:18
648,4104,None,40301,403,51.1348876953125,17.0641899108887,2015-02-23 08:21:11
649,4225,None,10101,None,50.6937675476074,17.9256134033203,2016-12-20 08:08:10
650,4163,None,10103,None,51.1344299316406,17.061695098877,2016-07-14 10:51:50
651,4111,None,10106,101,51.1342926025391,17.0617389678955,2016-08-10 10:41:17
652,4153,None,10104,None,51.1345062255859,17.061840057373,2016-07-14 08:53:34
653,4173,None,10103,None,51.1345367431641,17.0617046356201,2016-07-15 09:19:20
654,4114,None,10106,101,51.1346626281738,17.0619144439697,2016-07-06 14:10:58
655,4228,None,10101,None,52.8078384399414,19.307300567627,2019-12-02 01:12:23
656,4601,None,11306,112,51.0565071105957,17.0055904388428,2021-12-17 18:06:07
657,4600,None,14904,149,51.1122398376465,16.9989795684814,2021-12-17 18:06:09
658,4609,None,12513,125,51.0942916870117,16.9792499542236,2021-12-17 18:05:24
659,4605,None,14603,146,51.0818748474121,17.0495567321777,2021-12-17 18:05:21
660,4603,None,14604,146,51.0768051147461,17.0698070526123,2021-12-17 18:04:41
661,4613,None,14507,145,51.0762939453125,17.0712070465088,2019-11-15 18:21:05
662,4604,None,12514,125,51.0594024658203,17.0855445861816,2021-12-17 18:06:08
663,4612,None,11304,112,51.0476875305176,17.0053577423096,2020-12-29 07:53:31
664,4602,None,11304,112,51.0466918945312,17.0092716217041,2021-12-17 18:04:53
665,4607,None,11310,113,51.0992317199707,17.0342597961426,2021-12-17 18:02:53
666,4608,None,12501,125,51.0944137573242,16.9930934906006,2021-12-17 18:05:58
667,4610,None,14507,145,51.1036224365234,17.0419158935547,2021-12-17 18:05:56
668,4606,None,11304,112,51.0768394470215,17.0711803436279,2021-08-04 01:46:23
669,4611,None,11308,113,51.0746002197266,17.0327796936035,2021-12-17 18:05:58
670,3201,None,02014,20,51.0944671630859,16.9793605804443,2021-12-17 18:05:46
671,4409,None,10909,109,51.1242523193359,16.9153995513916,2021-12-17 18:06:08
672,4614,None,11307,113,51.0616645812988,16.9972896575928,2021-12-17 18:06:17
673,4615,None,14509,145,51.0995750427246,17.034969329834,2021-12-17 18:06:04
674,4617,None,14506,145,51.1094055175781,17.06618309021,2021-12-17 18:06:20
675,4622,None,11303,113,51.0992317199707,17.0346565246582,2021-12-17 18:06:19
676,4616,None,14608,None,51.0765151977539,17.0712013244629,2021-12-16 19:29:12
677,4618,None,14505,145,51.0761604309082,17.070930480957,2021-12-17 18:04:39
678,4407,None,12512,125,51.0944404602051,17.0164813995361,2021-12-17 18:06:17
679,4406,None,13301,None,51.0552749633789,16.9776344299316,2021-12-17 18:06:20
680,4402,None,32506,325,51.0762672424316,17.0705680847168,2021-02-01 00:06:02
681,4400,None,10901,None,51.0763092041016,17.0705547332764,2021-10-11 12:14:01
682,4401,None,13305,133,51.0641937255859,16.9775714874268,2021-12-17 18:05:46
683,4404,None,13303,133,51.0835456848145,17.0348148345947,2021-12-17 18:05:56
684,4408,None,13304,133,51.0763664245605,17.0520172119141,2021-12-17 18:05:45
685,4403,None,13302,133,51.0704803466797,17.0536861419678,2021-12-17 18:06:20
686,4505,None,14702,150,51.1473197937012,17.1154193878174,2021-12-14 18:32:38
687,4500,None,10001,100,51.0762329101562,17.0711917877197,2021-03-25 09:52:57
688,4405,None,13306,133,51.0780220031738,16.9980697631836,2021-12-17 18:05:38
689,4504,None,14703,147,51.151237487793,17.1076316833496,2021-12-17 18:06:06
690,4413,None,10904,109,51.1126289367676,16.9937572479248,2021-12-17 18:06:21
691,4410,None,12509,None,51.3858947753906,21.1324710845947,2021-12-17 18:05:04
692,4412,None,10907,109,51.1254653930664,16.8899707794189,2021-12-17 18:06:19
693,4411,None,12002,120,51.1090316772461,17.0411243438721,2021-12-17 17:50:59
694,4502,None,12001,120,51.0933647155762,17.1071758270264,2021-12-17 18:05:26
695,4503,None,14704,None,51.1569328308105,17.0965614318848,2021-12-17 17:56:59
696,4506,None,15004,150,51.1516418457031,17.130392074585,2021-12-17 18:05:58
697,4501,None,12001,None,51.0758171081543,17.0703411102295,2021-10-21 14:21:47
698,3202,None,02008,20,51.144905090332,16.8813610076904,2021-12-17 18:06:20
699,3203,None,02009,20,51.1308135986328,16.9669227600098,2021-12-17 18:05:56
700,3204,None,,15,51.0886344909668,17.0289268493652,2021-12-17 10:55:18
701,4621,None,14608,146,51.1025924682617,17.1159553527832,2021-12-17 18:05:57
702,4623,None,14504,145,51.055419921875,17.0574703216553,2021-12-17 18:05:14
703,3205,None,02010,20,51.1077194213867,17.0219783782959,2021-12-17 18:05:58
704,4418,None,10901,109,51.1201667785645,16.850191116333,2021-12-17 18:05:56
705,4414,None,13310,133,51.0589790344238,17.0867576599121,2021-12-17 18:05:56
706,4416,None,12515,125,51.076099395752,16.9532165527344,2021-12-17 18:05:59
707,4417,None,10902,109,51.1179618835449,16.9578514099121,2021-12-17 18:05:57
708,3206,None,03309,33,51.0887222290039,17.0296611785889,2021-01-20 16:50:24
709,4415,None,13309,133,51.0772171020508,17.0699138641357,2021-12-17 12:57:55
710,4628,None,14501,145,51.0996017456055,17.0372886657715,2021-12-17 18:06:18
711,4620,None,14910,149,51.1120948791504,16.9906978607178,2021-12-17 18:06:06
712,4627,None,14510,145,51.1043357849121,17.0843677520752,2021-12-17 18:06:19
713,4629,None,12505,None,51.0770874023438,17.07080078125,2021-12-16 04:52:06
714,4619,None,12510,125,51.0770874023438,16.9523410797119,2021-12-17 18:05:26
715,4626,None,14601,146,51.1013450622559,17.0392608642578,2021-12-17 18:06:07
716,4637,None,14902,149,51.1117134094238,16.9590320587158,2021-12-17 18:05:59
717,4624,None,12508,125,51.0942916870117,17.0152530670166,2021-12-17 18:06:06
718,4630,None,11301,113,51.0970573425293,17.0322399139404,2021-12-17 17:58:08
719,4635,None,12505,125,51.0595741271973,17.0850524902344,2021-12-17 18:05:44
751,2817,-,00416,17,51.0663452148438,16.9918384552002,2021-12-17 18:06:08
720,4625,None,14901,149,51.1234321594238,16.9502639770508,2021-12-17 18:05:56
721,4636,None,14909,149,51.1110916137695,17.0229721069336,2021-12-17 18:06:18
722,4633,None,11302,113,51.0542144775391,17.0271339416504,2021-12-17 18:06:17
723,4638,None,14508,145,51.0876007080078,17.0347175598145,2021-12-17 18:06:20
724,4642,None,14503,145,51.0764007568359,17.0519943237305,2021-12-17 18:06:09
725,4641,None,14610,146,51.091251373291,17.0337181091309,2021-12-17 18:05:56
726,4640,None,13312,133,51.0561866760254,16.970422744751,2021-12-17 17:36:36
727,4631,None,14607,146,51.0955696105957,17.0328636169434,2021-12-17 18:06:18
728,4632,None,14908,149,51.1126441955566,17.0158252716064,2021-12-17 18:06:09
729,4634,None,14605,146,51.1076126098633,17.0719909667969,2021-12-17 18:05:24
730,4639,None,11309,113,51.0706367492676,17.0056591033936,2021-12-17 18:06:19
731,3207,None,02006,20,51.1270523071289,16.9790782928467,2021-12-17 18:05:45
732,3208,None,02004,20,51.1057281494141,17.0270690917969,2021-12-17 18:06:09
733,2801,None,03303,33,51.1136589050293,17.0969924926758,2021-12-17 18:06:04
734,2802,None,00306,10,51.101188659668,17.1100406646729,2021-12-17 18:05:56
735,2806,None,01505,15,51.1146583557129,17.024097442627,2021-12-17 18:05:56
736,2805,None,00719,17,51.0659790039062,16.9866352081299,2021-12-17 18:06:18
737,2803,None,02003,20,51.0898323059082,16.9990501403809,2021-12-17 18:04:30
738,2804,None,01509,None,51.0882949829102,17.0292568206787,2021-12-17 18:04:30
739,9999,None,14410,144,51.1470565795898,17.0224552154541,2016-06-24 11:57:46
740,4419,-,11401,None,51.0764923095703,17.0705547332764,2019-11-01 01:19:19
741,2807,None,02327,23,51.1067123413086,17.024356842041,2021-12-17 18:05:45
742,2808,-,03311,33,51.1068305969238,17.0243873596191,2021-12-17 18:06:18
743,2809,-,0,None,51.08837890625,17.0286540985107,2021-12-17 14:53:43
744,2810,-,00813,16,51.1061325073242,17.0478248596191,2021-12-17 18:06:10
745,2811,-,00723,17,51.0735054016113,17.0060482025146,2021-12-17 18:06:17
746,2812,-,01712,9,51.1163749694824,17.0558395385742,2021-12-17 18:06:19
747,2813,-,02005,20,51.1108856201172,17.0066356658936,2021-12-17 18:06:18
748,2814,-,00811,8,51.0875473022461,17.0279865264893,2021-12-17 14:36:48
749,2815,-,00305,2,51.0861015319824,17.0117645263672,2021-12-17 18:06:07
750,2816,-,07031,70,51.1013641357422,17.0296745300293,2021-12-17 18:06:06
752,2818,-,00826,8,51.1193618774414,17.0421829223633,2021-12-17 18:06:18
753,2819,-,01512,9,51.0901794433594,17.0288562774658,2021-12-17 18:05:33
754,2820,-,00804,8,51.0787200927734,17.0634002685547,2021-12-17 18:05:15
755,2821,-,00812,16,51.0837554931641,17.0603103637695,2021-12-17 18:06:05
756,2822,-,00316,10,51.1281280517578,16.9760913848877,2021-12-17 18:06:08
757,4301,None,,None,51.3862152099609,21.1330051422119,2018-05-29 12:58:09
758,4303,None,11403,None,51.0776405334473,17.0693473815918,2018-08-07 14:55:02
759,4422,None,11405,None,51.076488494873,17.0704956054688,2019-11-04 12:41:53
760,4428,None,12511,None,51.0762481689453,17.0705261230469,2019-10-31 21:44:44
761,4427,None,13308,133,51.0743675231934,16.9996891021729,2021-12-17 18:05:46
762,4429,None,12506,None,51.0763931274414,17.0706062316895,2019-10-31 23:47:52
763,4426,None,13312,None,51.076732635498,17.0698909759521,2019-10-31 23:26:10
764,4424,None,12510,None,51.0762596130371,17.0705871582031,2019-10-31 21:15:50
765,4420,None,32503,325,51.0770606994629,17.069917678833,2019-10-31 18:08:35
766,4302,None,11402,114,51.0775947570801,17.0692005157471,2018-08-08 11:04:33
767,4421,None,13306,None,51.0772476196289,17.0697441101074,2019-11-01 05:32:52
768,4425,None,13316,None,51.0759963989258,17.0703773498535,2019-10-31 20:32:54
769,4300,None,0,None,51.0768241882324,17.0700550079346,2018-08-06 20:49:46
770,4304,None,,None,51.0766487121582,17.069860458374,2018-08-06 18:11:45
771,5001,None,13105,None,51.1482276916504,17.0233573913574,2017-12-11 02:47:09
772,4423,None,11406,114,51.0761451721191,17.0711288452148,2019-11-02 11:55:12
773,606,None,None,None,52.4618377685547,17.1733989715576,2017-09-29 15:05:27
774,604,None,,None,52.4617042541504,17.1732978820801,2017-10-06 09:16:17
775,470,None,None,None,51.0881462097168,17.0290336608887,2017-10-31 11:30:19
776,370,None,None,None,52.4617195129395,17.1735153198242,2017-11-07 08:56:15
777,366,None,None,None,51.0888442993164,17.0296802520752,2017-11-28 10:57:16
778,471,None,None,None,51.1481018066406,17.0232620239258,2017-12-21 19:54:23
779,7410,None,70001,700,51.111442565918,17.0607795715332,2021-12-17 17:59:45
780,7407,None,15109,None,51.1733741760254,17.116382598877,2021-12-17 18:06:17
781,8409,None,13602,136,51.0861206054688,17.0127792358398,2021-12-17 18:06:20
782,1900,None,,3,51.0790748596191,17.0053386688232,2021-12-15 11:05:55
783,8412,None,60207,None,51.1494255065918,17.022632598877,2021-12-17 17:18:47
784,8417,None,,None,51.1262016296387,16.9969291687012,2021-12-17 17:55:45
785,8420,None,14808,None,51.1448936462402,16.8716793060303,2021-12-17 17:58:48
786,8421,None,13206,132,51.1120796203613,16.9926986694336,2021-12-17 18:06:08
787,7408,None,11102,D,51.1471710205078,17.1144351959229,2021-12-17 18:06:05
788,8410,None,11906,119,51.1423797607422,17.0708065032959,2021-12-17 18:05:56
789,7413,None,13612,136,51.0778388977051,17.0339317321777,2021-12-17 18:06:08
790,8404,None,14403,144,51.1365852355957,17.0364093780518,2021-12-17 18:06:00
791,8406,None,,None,51.1486587524414,17.0215358734131,2021-12-17 09:58:27
792,8403,None,10606,None,51.1474838256836,17.0220775604248,2021-12-17 18:01:56
793,7402,None,mpk,None,51.0746650695801,17.0314140319824,2021-12-17 15:20:14
794,7401,None,,None,51.1484718322754,17.0217399597168,2021-12-17 18:03:23
795,8408,None,C04,C,51.1104927062988,17.0626392364502,2021-12-17 18:06:21
796,8405,None,D14,D,51.1424179077148,17.0946197509766,2021-12-17 18:06:21
797,7404,None,12703,127,51.0802726745605,17.0212345123291,2021-12-17 18:06:20
798,8402,None,10211,C,51.1287078857422,16.9890651702881,2021-12-17 07:58:03
799,8419,None,10305,103,51.1362724304199,16.9668502807617,2021-12-17 18:06:05
800,8411,None,70003,700,51.1245574951172,17.0451965332031,2021-12-17 18:06:07
801,8401,None,60205,None,51.1489715576172,17.0238513946533,2021-12-17 15:21:16
802,7406,None,70004,700,51.1156883239746,17.0606307983398,2021-12-17 18:05:47
803,7420,None,73102,731,51.1376838684082,16.9678649902344,2021-12-17 18:05:56
804,8407,None,70309,None,51.069881439209,17.0974884033203,2021-12-17 17:35:53
805,8423,None,14406,None,51.0590400695801,17.0106296539307,2021-12-17 18:05:34
806,8437,None,A05,A,51.0919456481934,16.9846897125244,2021-12-17 18:06:07
807,7414,None,31911,None,51.166374206543,17.0469036102295,2021-12-17 18:02:08
808,8424,None,10210,102,51.1211814880371,16.9936389923096,2021-12-17 18:05:44
809,8434,None,13607,136,51.0863265991211,17.013578414917,2021-12-17 18:06:18
810,7415,None,31515,315,51.1113128662109,17.0613174438477,2021-12-17 18:06:10
811,8422,None,C08,None,51.1121444702148,17.0623931884766,2021-12-17 17:26:26
812,8425,None,D05,D,51.11328125,17.0668449401855,2021-12-17 18:06:18
813,7412,None,11118,None,51.1795272827148,17.0059700012207,2021-12-17 18:04:08
814,8429,None,K01,K,51.1363410949707,17.0364303588867,2021-12-17 18:06:18
815,8427,None,60206,602,51.0937118530273,17.0208759307861,2021-12-17 18:06:09
816,8415,None,13102,131,51.1423645019531,17.1278057098389,2021-12-17 18:06:20
817,8413,None,14405,144,51.1591987609863,17.0446891784668,2021-12-17 18:05:13
818,7416,None,14001,140,51.1524505615234,16.9957504272461,2021-12-17 17:46:06
819,8433,None,10607,106,51.1123809814453,16.9937438964844,2021-12-17 18:05:57
820,7411,None,12709,127,51.0874404907227,17.0076999664307,2021-12-17 18:06:20
821,8432,None,K15,K,51.1145477294922,17.0340671539307,2021-12-17 18:05:58
822,8426,None,,None,51.1487007141113,17.0232944488525,2021-12-17 14:14:46
823,8416,None,K14,K,51.0893478393555,17.0341053009033,2021-12-17 18:06:10
824,7417,None,70005,700,51.1245803833008,17.0358562469482,2021-12-17 18:06:18
825,8428,None,10206,102,51.1412467956543,16.9113712310791,2021-12-17 18:06:08
826,8414,None,10308,103,51.1123390197754,17.0222339630127,2021-12-17 18:05:45
827,7403,None,12207,122,51.0979118347168,17.0325317382812,2021-12-17 18:06:10
828,2903,None,01511,15,51.0724945068359,17.0141658782959,2021-12-17 18:06:10
829,7405,None,12210,122,51.1188735961914,17.0080432891846,2021-12-17 18:06:08
830,7418,None,70002,700,51.1113929748535,17.0606288909912,2021-12-17 18:05:46
831,8418,None,A12,A,51.0936279296875,16.9993267059326,2021-12-17 18:06:20
832,8430,None,C03,None,51.1026344299316,17.115930557251,2021-12-17 16:37:37
833,7419,None,11513,115,51.1132011413574,17.1328239440918,2021-12-17 18:05:47
834,7409,None,10401,104,51.1208038330078,17.0113983154297,2021-12-17 18:05:44
835,8440,None,10302,103,51.1203575134277,17.0106582641602,2021-12-17 18:06:08
836,8439,None,,None,51.1682739257812,17.022310256958,2021-12-17 15:13:25
837,8435,None,60208,602,51.1433982849121,17.0247573852539,2021-12-17 18:05:25
838,8438,None,12809,128,51.1190452575684,17.0152912139893,2021-12-17 18:06:06
839,8436,None,10101,None,51.149097442627,17.0232677459717,2021-12-16 08:06:45
840,8431,None,11904,119,51.1314926147461,16.986141204834,2021-12-17 18:06:20
841,2904,None,00313,10,51.1069526672363,17.0738182067871,2021-12-17 18:06:17
842,2902,None,01032,3,51.1452674865723,16.878324508667,2021-12-17 18:06:07
843,2905,None,00314,2,51.0989723205566,17.0267925262451,2021-12-17 18:06:18
844,2901,None,01747,1,51.1166343688965,17.052059173584,2021-12-17 18:06:20
845,2906,None,00909,4,51.0968818664551,16.9890441894531,2021-12-17 18:06:09
846,2909,None,02011,20,51.1015129089355,17.0293483734131,2021-12-17 18:05:16
847,2910,None,07049,70,51.1012878417969,17.0295429229736,2021-11-05 09:09:30
848,2907,None,00714,7,51.1014671325684,17.0294055938721,2021-12-17 18:05:45
849,2908,None,01503,9,51.0727653503418,17.0144538879395,2021-12-17 18:05:57
850,2911,None,,None,51.0787582397461,17.0038452148438,2021-12-17 14:49:45
851,2912,None,01705,7,51.0855560302734,17.0114059448242,2021-12-17 18:06:21
852,2913,None,07004,70,51.1113929748535,17.0599174499512,2021-12-17 18:06:17
853,2914,None,01708,1,51.1345672607422,17.0362567901611,2021-12-17 18:06:08
854,2915,None,01740,9,51.109691619873,17.0649185180664,2021-12-17 18:05:58
855,2916,None,,None,51.0787887573242,17.0063247680664,2021-12-17 02:35:15
856,2917,None,00233,5,51.1044120788574,17.0216503143311,2021-12-17 18:06:07
857,2918,None,,None,51.1500473022461,17.0277194976807,2021-12-17 18:06:08
858,2919,None,07005,70,51.1166114807129,17.052547454834,2021-12-17 18:06:21
859,2920,None,00721,17,51.1502799987793,17.0285091400146,2021-12-17 17:59:00
860,2921,None,00802,8,51.0929336547852,17.0384426116943,2021-12-17 18:06:06
861,2922,None,00520,10,51.1090850830078,17.0168209075928,2021-12-17 18:05:58
862,2923,None,01126,11,51.0983543395996,16.995662689209,2021-12-17 18:06:19
863,2924,None,02311,23,51.1315612792969,17.0918159484863,2021-12-17 18:06:08
864,2925,None,01106,11,51.1120986938477,17.0394630432129,2021-12-17 18:06:11
865,2926,None,,None,51.0889587402344,17.0297393798828,2021-12-17 16:11:42
866,2927,None,03304,33,51.1102600097656,17.0557956695557,2021-12-17 18:06:18
867,2928,None,02013,20,51.0844993591309,16.9721717834473,2021-12-17 18:05:58
868,2929,None,00803,8,51.0885429382324,17.0455646514893,2021-12-17 18:06:09
869,2930,None,01509,15,51.1299934387207,17.0275897979736,2021-12-17 18:06:19
870,91,None,,None,51.1246452331543,17.0408630371094,2018-10-26 08:23:14
871,442,None,13311,None,51.0772018432617,17.0697917938232,2019-04-10 19:37:20
872,2931,-,00303,10,51.1044883728027,17.029857635498,2021-12-17 12:41:04
873,2932,-,00713,7,51.1474533081055,17.0302581787109,2021-12-17 18:06:21
874,2933,-,01036,3,51.1441535949707,16.8718700408936,2021-12-17 18:05:57
875,2934,-,00807,16,51.1100540161133,17.0641269683838,2021-12-17 18:06:17
876,2935,-,02316,23,51.1318473815918,17.0659561157227,2021-12-17 18:05:58
877,2936,-,00912,7,51.0824737548828,17.0094509124756,2021-12-17 18:06:10
878,2937,-,03310,33,51.104606628418,17.0308780670166,2021-12-17 18:06:07
879,2938,-,00903,4,51.1011734008789,17.0078926086426,2021-12-17 18:06:07
880,2939,-,,None,51.0885543823242,17.0296688079834,2021-12-17 18:05:16
881,2940,-,01514,4,51.1014747619629,17.1098232269287,2021-12-17 18:05:59
882,8441,None,13606,136,51.0996932983398,16.9738731384277,2021-12-17 18:05:58
883,8442,None,N17,131,51.135871887207,17.0351905822754,2021-12-17 18:05:57
884,1901,None,,None,52.4616851806641,17.1732158660889,2020-10-02 08:59:30
885,8444,None,14801,148,51.1373481750488,16.8996505737305,2021-12-17 18:06:17
886,8456,None,13610,None,51.0787773132324,17.0650062561035,2021-12-17 18:03:44
887,8448,None,14803,148,51.1005401611328,17.0393505096436,2021-12-17 18:06:10
888,8446,None,10602,106,51.1127471923828,16.9954109191895,2021-12-17 18:06:07
889,8445,None,A02,A,51.075080871582,17.0069408416748,2021-12-17 18:06:08
890,8458,None,A07,A,51.1445121765137,17.0236892700195,2021-12-17 18:06:07
891,8452,None,12103,121,51.1263122558594,17.0783157348633,2021-12-17 18:05:57
892,8450,None,14806,148,51.1125335693359,16.9621887207031,2021-12-17 18:06:07
893,8455,None,D04,D,51.1006278991699,17.0287132263184,2021-12-17 17:17:19
894,8453,None,13212,132,51.0840263366699,16.9547557830811,2021-12-17 18:06:10
895,8454,None,,None,51.1447448730469,16.8714027404785,2021-12-17 18:05:27
896,4856,None,10001,None,51.1465530395508,17.0227355957031,2019-09-21 10:27:20
897,8451,None,,None,51.1491050720215,17.0240516662598,2021-12-14 22:34:59
898,8470,None,K04,K,51.1070785522461,17.0329818725586,2021-12-17 18:06:17
899,8461,None,14207,None,51.1529541015625,17.0158538818359,2021-12-17 18:06:20
900,8457,None,10313,103,51.1581230163574,16.9180583953857,2021-12-17 18:06:09
901,8475,None,24324,243,51.1455307006836,16.8698577880859,2021-12-16 03:17:42
902,8472,None,12807,128,51.1365547180176,16.9484825134277,2021-12-17 18:01:26
903,8476,None,A10,A,51.0990447998047,17.0269718170166,2021-12-17 18:06:19
904,8447,None,14805,148,51.111515045166,17.0226764678955,2021-12-17 18:06:19
905,8478,None,60714,None,51.1469650268555,17.0234375,2021-12-17 18:05:14
906,8462,None,N04,N,51.121696472168,17.052303314209,2021-12-17 18:06:17
907,8471,None,12106,121,51.1469421386719,17.1139488220215,2021-12-17 18:05:56
908,8460,None,N14,N,51.1398658752441,17.0827903747559,2021-12-17 18:06:10
909,8459,None,10303,103,51.1144409179688,17.0174560546875,2021-12-17 18:06:18
910,8483,None,14411,144,51.1247138977051,17.0345859527588,2021-12-17 18:06:20
911,8484,None,13213,132,51.0785140991211,16.958423614502,2021-12-17 18:06:20
912,8443,None,13203,None,51.1473541259766,17.0227909088135,2021-12-17 17:44:05
913,8466,None,10605,106,51.1086921691895,16.9091930389404,2021-12-17 18:06:08
914,8479,None,A08,136,51.1299514770508,16.9658107757568,2021-12-17 18:05:57
915,8474,None,10603,106,51.1130599975586,17.0013275146484,2021-12-17 18:05:56
916,8481,None,10609,106,51.1081771850586,16.9514026641846,2021-12-17 18:05:59
917,8480,None,N15,N,51.1467628479004,17.1204528808594,2021-12-17 18:05:57
918,8485,None,N03,N,51.1008110046387,17.0361919403076,2021-12-17 18:05:59
919,8473,None,12912,129,51.1137619018555,16.8839454650879,2021-12-17 18:06:07
920,8463,None,13608,136,51.1030197143555,16.9717750549316,2021-12-17 18:04:21
921,8467,None,70307,703,51.0753479003906,17.0867404937744,2021-12-17 18:05:58
922,8464,None,14408,144,51.1341133117676,17.0362110137939,2021-12-06 11:59:19
923,8488,None,13104,131,51.1367950439453,17.0808582305908,2021-12-17 18:05:58
924,8477,None,70302,None,51.1056861877441,17.0369663238525,2021-12-17 16:50:34
925,8487,None,A01,A,51.1038856506348,17.042179107666,2021-12-17 18:06:07
926,8489,None,K05,K,51.1325263977051,17.0280990600586,2021-12-17 18:05:56
927,8486,None,13108,131,51.1408386230469,17.0884914398193,2021-12-17 18:05:59
928,8468,None,K03,K,51.1134147644043,17.0317401885986,2021-12-17 18:06:20
929,8469,None,13216,132,51.1350364685059,17.0365657806396,2021-12-17 18:06:19
930,8449,None,D15,D,51.0752449035645,17.0066623687744,2021-12-17 17:47:33
931,8465,None,14409,144,51.1118011474609,17.0271339416504,2021-12-17 18:06:19
932,8482,None,13217,132,51.1169815063477,17.0332126617432,2021-12-17 18:06:18
933,8490,None,12409,124,51.0777473449707,17.075834274292,2021-12-17 18:05:57
934,4700,None,,None,52.3524284362793,17.4467277526855,2019-12-20 14:48:23
935,4710,None,,None,51.0670509338379,17.0992374420166,2020-02-11 23:26:24
936,4711,None,10001,None,51.0670547485352,17.098840713501,2019-12-19 07:30:28
937,4703,None,,None,52.3523139953613,17.4466896057129,2019-12-20 14:57:02
938,4702,None,,None,51.0675582885742,17.0990390777588,2020-02-11 22:11:55
939,4706,None,,None,52.3522872924805,17.4466533660889,2019-12-20 14:40:32
940,4717,None,,None,51.0668182373047,17.0994091033936,2020-02-11 23:03:29
941,7400,None,,None,51.0667381286621,17.0995025634766,2020-01-16 08:04:34
942,4802,None,,None,51.0429382324219,16.8880825042725,2020-03-11 13:59:18
943,9429,None,N11,N,51.1468467712402,17.0226879119873,2020-08-11 21:46:12
944,7421,None,12914,None,51.1565208435059,17.0339508056641,2021-12-17 18:05:35
945,8491,None,,None,51.042407989502,16.8870983123779,2020-09-01 12:35:05
946,8511,None,D12,D,51.1088485717773,17.0494174957275,2021-12-17 18:05:57
947,8521,None,N02,N,51.1283226013184,17.0554618835449,2021-12-17 18:05:46
948,8514,None,13403,None,51.0694618225098,17.0960178375244,2021-12-17 17:59:00
949,8513,None,70305,703,51.102653503418,17.0511207580566,2021-12-17 18:05:57
950,8512,None,12801,128,51.1172409057617,17.0436611175537,2021-12-17 18:06:20
951,8515,None,70308,703,51.1071929931641,17.0425930023193,2021-12-17 18:06:08
952,8517,None,D10,D,51.0636787414551,16.9814167022705,2021-12-17 18:06:09
953,8516,None,10304,103,51.123218536377,17.011194229126,2021-12-17 18:06:07
954,8519,None,A11,A,51.0939865112305,16.9787445068359,2021-12-17 18:06:20
955,8531,None,12804,128,51.145824432373,17.1116065979004,2021-12-17 18:06:17
956,7431,None,11119,111,51.1279602050781,17.0474548339844,2021-12-17 18:06:19
957,8524,None,70301,703,51.0771751403809,17.0844440460205,2021-12-17 18:05:57
958,7442,None,13001,130,51.1323280334473,17.0651988983154,2021-12-17 18:06:21
959,7429,None,12606,126,51.1015625,17.0097694396973,2021-12-17 18:06:09
960,7427,None,13002,130,51.1518783569336,17.0436248779297,2021-12-17 18:06:08
961,7425,None,12615,126,51.1375694274902,16.9794082641602,2021-12-17 18:05:46
962,7435,None,14312,143,51.0773735046387,17.0338687896729,2021-12-17 18:06:08
963,8529,None,D13,D,51.1560440063477,17.1202621459961,2021-12-17 18:06:21
964,7422,None,12609,126,51.0724105834961,17.0110301971436,2021-12-17 18:05:45
965,7433,None,14208,142,51.1125984191895,16.9917430877686,2021-12-17 18:05:59
966,8520,None,13407,124,51.0900764465332,17.0197277069092,2021-12-17 18:06:21
967,8518,None,14802,148,51.1143684387207,16.958215713501,2021-12-17 18:06:08
968,7441,None,14314,143,51.1023941040039,16.9721183776855,2021-12-17 18:06:08
969,7430,None,,None,51.1484985351562,17.0226097106934,2021-05-24 09:41:46
970,8522,None,N01,N,51.0992660522461,17.0335388183594,2021-12-17 18:06:08
971,7423,None,12911,129,51.1093254089355,16.8828678131104,2021-12-17 18:06:17
972,7451,None,,None,51.148193359375,17.0233116149902,2021-12-16 19:06:14
973,7443,None,12704,127,51.1376724243164,16.9649486541748,2021-12-17 18:06:17
974,8523,None,14807,148,51.1451416015625,16.8723888397217,2021-12-17 17:36:47
975,7437,None,12711,127,51.1078605651855,17.0214252471924,2021-12-17 17:38:05
976,7436,None,14311,143,51.0958442687988,16.9770107269287,2021-12-17 18:06:08
977,8533,None,,None,51.1464347839355,17.0226707458496,2021-12-17 17:56:18
978,8525,None,14804,148,51.1120986938477,16.9998016357422,2021-12-17 18:05:58
979,8530,None,D03,D,51.1017608642578,17.0295219421387,2021-12-17 18:06:08
980,7448,None,11609,116,51.1553955078125,17.0642204284668,2021-12-17 18:06:18
981,7428,None,12905,129,51.1261940002441,16.9090194702148,2021-12-17 18:06:09
982,7449,None,N13,N,51.1399574279785,17.083324432373,2021-12-17 17:58:06
983,7432,None,14315,143,51.1255912780762,16.9833488464355,2021-12-17 18:06:06
984,7439,None,14210,142,51.1341934204102,17.0366287231445,2021-12-17 18:00:41
985,7444,None,10405,None,51.1487731933594,17.0228996276855,2021-11-20 17:57:07
986,7447,None,31516,115,51.113712310791,17.1034164428711,2021-12-17 18:06:19
987,8535,None,10203,102,51.1127853393555,17.0205955505371,2021-12-17 18:04:21
988,7450,None,12906,129,51.1684188842773,17.0221176147461,2021-12-17 14:07:28
989,8536,None,C02,C,51.1375312805176,16.9682922363281,2021-12-17 18:02:42
990,8538,None,10601,106,51.1124382019043,16.9934368133545,2021-12-17 18:06:08
991,8534,None,10604,106,51.1125717163086,17.0162696838379,2021-12-17 18:06:18
992,7424,None,15106,151,51.1136054992676,17.0675163269043,2021-12-17 18:06:07
993,7434,None,11510,315,51.109432220459,17.0658378601074,2021-12-17 18:06:10
994,7426,None,10403,104,51.1115608215332,17.021671295166,2021-12-17 18:06:17
995,7446,None,11806,118,51.1429557800293,17.09104347229,2021-12-17 18:06:21
996,7438,None,11601,116,51.1242752075195,17.0781688690186,2021-12-17 18:06:20
997,7440,None,11514,315,51.1140060424805,17.1253681182861,2021-12-17 16:42:32
998,7445,None,31908,319,51.1237564086914,16.9767932891846,2021-12-17 18:05:45
999,8526,None,12107,121,51.146427154541,17.1131134033203,2021-12-17 18:05:59
1000,8537,None,C07,C,51.1173896789551,17.0181274414062,2021-12-17 18:06:07
1001,8532,None,70310,703,51.0860481262207,17.070894241333,2021-12-17 18:06:17
1002,8528,None,13603,136,51.1299133300781,16.9837627410889,2021-12-17 18:06:09
1003,8539,None,K09,K,51.1505851745605,17.0431900024414,2021-12-17 18:06:19
1004,8527,None,12414,134,51.0948600769043,16.9804992675781,2021-12-17 18:06:17
1005,1905,None,00102,None,52.4617652893066,17.1730785369873,2021-10-22 16:11:39
1006,3302,None,01105,11,51.1288452148438,17.0562019348145,2021-12-17 18:06:11
1007,3301,None,02001,20,51.0839881896973,16.9722957611084,2021-12-17 18:05:58
1008,3303,None,00101,10,51.0989456176758,17.0266227722168,2021-12-17 07:54:17
